dataset_id,source,dataset_family,representation,protocol,seed_start,subset,systems,n_samples,n_systems,system_a,system_b,standardized_centroid_distance,same_universality_class
exponent_equal_69000,results_exp70_matched_codex_sweep_full_equal_seed69000\summary.json,effective_exponent,matched effective exponent geometry,equal,69000,all_six,EW/KPZ/BD/Eden/RD/KS,240,6,bd,eden,0.490541,True
exponent_equal_69000,results_exp70_matched_codex_sweep_full_equal_seed69000\summary.json,effective_exponent,matched effective exponent geometry,equal,69000,all_six,EW/KPZ/BD/Eden/RD/KS,240,6,bd,ew,2.14432,False
exponent_equal_69000,results_exp70_matched_codex_sweep_full_equal_seed69000\summary.json,effective_exponent,matched effective exponent geometry,equal,69000,all_six,EW/KPZ/BD/Eden/RD/KS,240,6,bd,kpz,0.524467,True
exponent_equal_69000,results_exp70_matched_codex_sweep_full_equal_seed69000\summary.json,effective_exponent,matched effective exponent geometry,equal,69000,all_six,EW/KPZ/BD/Eden/RD/KS,240,6,bd,ks,3.19725,False
exponent_equal_69000,results_exp70_matched_codex_sweep_full_equal_seed69000\summary.json,effective_exponent,matched effective exponent geometry,equal,69000,all_six,EW/KPZ/BD/Eden/RD/KS,240,6,bd,rd,1.82378,False
exponent_equal_69000,results_exp70_matched_codex_sweep_full_equal_seed69000\summary.json,effective_exponent,matched effective exponent geometry,equal,69000,all_six,EW/KPZ/BD/Eden/RD/KS,240,6,eden,ew,2.56469,False
exponent_equal_69000,results_exp70_matched_codex_sweep_full_equal_seed69000\summary.json,effective_exponent,matched effective exponent geometry,equal,69000,all_six,EW/KPZ/BD/Eden/RD/KS,240,6,eden,kpz,0.981385,True
exponent_equal_69000,results_exp70_matched_codex_sweep_full_equal_seed69000\summary.json,effective_exponent,matched effective exponent geometry,equal,69000,all_six,EW/KPZ/BD/Eden/RD/KS,240,6,eden,ks,2.99428,False
exponent_equal_69000,results_exp70_matched_codex_sweep_full_equal_seed69000\summary.json,effective_exponent,matched effective exponent geometry,equal,69000,all_six,EW/KPZ/BD/Eden/RD/KS,240,6,eden,rd,1.35668,False
exponent_equal_69000,results_exp70_matched_codex_sweep_full_equal_seed69000\summary.json,effective_exponent,matched effective exponent geometry,equal,69000,all_six,EW/KPZ/BD/Eden/RD/KS,240,6,ew,kpz,1.62247,False
exponent_equal_69000,results_exp70_matched_codex_sweep_full_equal_seed69000\summary.json,effective_exponent,matched effective exponent geometry,equal,69000,all_six,EW/KPZ/BD/Eden/RD/KS,240,6,ew,ks,4.71935,False
exponent_equal_69000,results_exp70_matched_codex_sweep_full_equal_seed69000\summary.json,effective_exponent,matched effective exponent geometry,equal,69000,all_six,EW/KPZ/BD/Eden/RD/KS,240,6,ew,rd,3.90979,False
exponent_equal_69000,results_exp70_matched_codex_sweep_full_equal_seed69000\summary.json,effective_exponent,matched effective exponent geometry,equal,69000,all_six,EW/KPZ/BD/Eden/RD/KS,240,6,kpz,ks,3.5225,False
exponent_equal_69000,results_exp70_matched_codex_sweep_full_equal_seed69000\summary.json,effective_exponent,matched effective exponent geometry,equal,69000,all_six,EW/KPZ/BD/Eden/RD/KS,240,6,kpz,rd,2.33464,False
exponent_equal_69000,results_exp70_matched_codex_sweep_full_equal_seed69000\summary.json,effective_exponent,matched effective exponent geometry,equal,69000,all_six,EW/KPZ/BD/Eden/RD/KS,240,6,ks,rd,2.60321,False
exponent_equal_69000,results_exp70_matched_codex_sweep_full_equal_seed69000\summary.json,effective_exponent,matched effective exponent geometry,equal,69000,no_ks,EW/KPZ/BD/Eden/RD,200,5,bd,eden,0.75609,True
exponent_equal_69000,results_exp70_matched_codex_sweep_full_equal_seed69000\summary.json,effective_exponent,matched effective exponent geometry,equal,69000,no_ks,EW/KPZ/BD/Eden/RD,200,5,bd,ew,2.46139,False
exponent_equal_69000,results_exp70_matched_codex_sweep_full_equal_seed69000\summary.json,effective_exponent,matched effective exponent geometry,equal,69000,no_ks,EW/KPZ/BD/Eden/RD,200,5,bd,kpz,0.69529,True
exponent_equal_69000,results_exp70_matched_codex_sweep_full_equal_seed69000\summary.json,effective_exponent,matched effective exponent geometry,equal,69000,no_ks,EW/KPZ/BD/Eden/RD,200,5,bd,rd,2.36178,False
exponent_equal_69000,results_exp70_matched_codex_sweep_full_equal_seed69000\summary.json,effective_exponent,matched effective exponent geometry,equal,69000,no_ks,EW/KPZ/BD/Eden/RD,200,5,eden,ew,2.71063,False
exponent_equal_69000,results_exp70_matched_codex_sweep_full_equal_seed69000\summary.json,effective_exponent,matched effective exponent geometry,equal,69000,no_ks,EW/KPZ/BD/Eden/RD,200,5,eden,kpz,1.03057,True
exponent_equal_69000,results_exp70_matched_codex_sweep_full_equal_seed69000\summary.json,effective_exponent,matched effective exponent geometry,equal,69000,no_ks,EW/KPZ/BD/Eden/RD,200,5,eden,rd,2.41227,False
exponent_equal_69000,results_exp70_matched_codex_sweep_full_equal_seed69000\summary.json,effective_exponent,matched effective exponent geometry,equal,69000,no_ks,EW/KPZ/BD/Eden/RD,200,5,ew,kpz,1.79347,False
exponent_equal_69000,results_exp70_matched_codex_sweep_full_equal_seed69000\summary.json,effective_exponent,matched effective exponent geometry,equal,69000,no_ks,EW/KPZ/BD/Eden/RD,200,5,ew,rd,4.74917,False
exponent_equal_69000,results_exp70_matched_codex_sweep_full_equal_seed69000\summary.json,effective_exponent,matched effective exponent geometry,equal,69000,no_ks,EW/KPZ/BD/Eden/RD,200,5,kpz,rd,3.04545,False
exponent_equal_69000,results_exp70_matched_codex_sweep_full_equal_seed69000\summary.json,effective_exponent,matched effective exponent geometry,equal,69000,no_rd,EW/KPZ/BD/Eden/KS,200,5,bd,eden,0.527071,True
exponent_equal_69000,results_exp70_matched_codex_sweep_full_equal_seed69000\summary.json,effective_exponent,matched effective exponent geometry,equal,69000,no_rd,EW/KPZ/BD/Eden/KS,200,5,bd,ew,2.24311,False
exponent_equal_69000,results_exp70_matched_codex_sweep_full_equal_seed69000\summary.json,effective_exponent,matched effective exponent geometry,equal,69000,no_rd,EW/KPZ/BD/Eden/KS,200,5,bd,kpz,0.550881,True
exponent_equal_69000,results_exp70_matched_codex_sweep_full_equal_seed69000\summary.json,effective_exponent,matched effective exponent geometry,equal,69000,no_rd,EW/KPZ/BD/Eden/KS,200,5,bd,ks,3.09731,False
exponent_equal_69000,results_exp70_matched_codex_sweep_full_equal_seed69000\summary.json,effective_exponent,matched effective exponent geometry,equal,69000,no_rd,EW/KPZ/BD/Eden/KS,200,5,eden,ew,2.69728,False
exponent_equal_69000,results_exp70_matched_codex_sweep_full_equal_seed69000\summary.json,effective_exponent,matched effective exponent geometry,equal,69000,no_rd,EW/KPZ/BD/Eden/KS,200,5,eden,kpz,1.04367,True
exponent_equal_69000,results_exp70_matched_codex_sweep_full_equal_seed69000\summary.json,effective_exponent,matched effective exponent geometry,equal,69000,no_rd,EW/KPZ/BD/Eden/KS,200,5,eden,ks,2.84844,False
exponent_equal_69000,results_exp70_matched_codex_sweep_full_equal_seed69000\summary.json,effective_exponent,matched effective exponent geometry,equal,69000,no_rd,EW/KPZ/BD/Eden/KS,200,5,ew,kpz,1.69503,False
exponent_equal_69000,results_exp70_matched_codex_sweep_full_equal_seed69000\summary.json,effective_exponent,matched effective exponent geometry,equal,69000,no_rd,EW/KPZ/BD/Eden/KS,200,5,ew,ks,4.77837,False
exponent_equal_69000,results_exp70_matched_codex_sweep_full_equal_seed69000\summary.json,effective_exponent,matched effective exponent geometry,equal,69000,no_rd,EW/KPZ/BD/Eden/KS,200,5,kpz,ks,3.46394,False
exponent_equal_69000,results_exp70_matched_codex_sweep_full_equal_seed69000\summary.json,effective_exponent,matched effective exponent geometry,equal,69000,no_rd_no_ks,EW/KPZ/BD/Eden,160,4,bd,eden,1.02694,True
exponent_equal_69000,results_exp70_matched_codex_sweep_full_equal_seed69000\summary.json,effective_exponent,matched effective exponent geometry,equal,69000,no_rd_no_ks,EW/KPZ/BD/Eden,160,4,bd,ew,3.09254,False
exponent_equal_69000,results_exp70_matched_codex_sweep_full_equal_seed69000\summary.json,effective_exponent,matched effective exponent geometry,equal,69000,no_rd_no_ks,EW/KPZ/BD/Eden,160,4,bd,kpz,0.904015,True
exponent_equal_69000,results_exp70_matched_codex_sweep_full_equal_seed69000\summary.json,effective_exponent,matched effective exponent geometry,equal,69000,no_rd_no_ks,EW/KPZ/BD/Eden,160,4,eden,ew,3.3824,False
exponent_equal_69000,results_exp70_matched_codex_sweep_full_equal_seed69000\summary.json,effective_exponent,matched effective exponent geometry,equal,69000,no_rd_no_ks,EW/KPZ/BD/Eden,160,4,eden,kpz,1.32188,True
exponent_equal_69000,results_exp70_matched_codex_sweep_full_equal_seed69000\summary.json,effective_exponent,matched effective exponent geometry,equal,69000,no_rd_no_ks,EW/KPZ/BD/Eden,160,4,ew,kpz,2.22609,False
exponent_equal_70000,results_exp70_matched_codex_sweep_full_equal_seed70000\summary.json,effective_exponent,matched effective exponent geometry,equal,70000,all_six,EW/KPZ/BD/Eden/RD/KS,240,6,bd,eden,0.469536,True
exponent_equal_70000,results_exp70_matched_codex_sweep_full_equal_seed70000\summary.json,effective_exponent,matched effective exponent geometry,equal,70000,all_six,EW/KPZ/BD/Eden/RD/KS,240,6,bd,ew,0.949002,False
exponent_equal_70000,results_exp70_matched_codex_sweep_full_equal_seed70000\summary.json,effective_exponent,matched effective exponent geometry,equal,70000,all_six,EW/KPZ/BD/Eden/RD/KS,240,6,bd,kpz,0.425265,True
exponent_equal_70000,results_exp70_matched_codex_sweep_full_equal_seed70000\summary.json,effective_exponent,matched effective exponent geometry,equal,70000,all_six,EW/KPZ/BD/Eden/RD/KS,240,6,bd,ks,3.65408,False
exponent_equal_70000,results_exp70_matched_codex_sweep_full_equal_seed70000\summary.json,effective_exponent,matched effective exponent geometry,equal,70000,all_six,EW/KPZ/BD/Eden/RD/KS,240,6,bd,rd,2.32388,False
exponent_equal_70000,results_exp70_matched_codex_sweep_full_equal_seed70000\summary.json,effective_exponent,matched effective exponent geometry,equal,70000,all_six,EW/KPZ/BD/Eden/RD/KS,240,6,eden,ew,1.3899,False
exponent_equal_70000,results_exp70_matched_codex_sweep_full_equal_seed70000\summary.json,effective_exponent,matched effective exponent geometry,equal,70000,all_six,EW/KPZ/BD/Eden/RD/KS,240,6,eden,kpz,0.894112,True
exponent_equal_70000,results_exp70_matched_codex_sweep_full_equal_seed70000\summary.json,effective_exponent,matched effective exponent geometry,equal,70000,all_six,EW/KPZ/BD/Eden/RD/KS,240,6,eden,ks,3.3704,False
exponent_equal_70000,results_exp70_matched_codex_sweep_full_equal_seed70000\summary.json,effective_exponent,matched effective exponent geometry,equal,70000,all_six,EW/KPZ/BD/Eden/RD/KS,240,6,eden,rd,1.86497,False
exponent_equal_70000,results_exp70_matched_codex_sweep_full_equal_seed70000\summary.json,effective_exponent,matched effective exponent geometry,equal,70000,all_six,EW/KPZ/BD/Eden/RD/KS,240,6,ew,kpz,0.61061,False
exponent_equal_70000,results_exp70_matched_codex_sweep_full_equal_seed70000\summary.json,effective_exponent,matched effective exponent geometry,equal,70000,all_six,EW/KPZ/BD/Eden/RD/KS,240,6,ew,ks,4.351,False
exponent_equal_70000,results_exp70_matched_codex_sweep_full_equal_seed70000\summary.json,effective_exponent,matched effective exponent geometry,equal,70000,all_six,EW/KPZ/BD/Eden/RD/KS,240,6,ew,rd,3.25238,False
exponent_equal_70000,results_exp70_matched_codex_sweep_full_equal_seed70000\summary.json,effective_exponent,matched effective exponent geometry,equal,70000,all_six,EW/KPZ/BD/Eden/RD/KS,240,6,kpz,ks,3.94548,False
exponent_equal_70000,results_exp70_matched_codex_sweep_full_equal_seed70000\summary.json,effective_exponent,matched effective exponent geometry,equal,70000,all_six,EW/KPZ/BD/Eden/RD/KS,240,6,kpz,rd,2.73748,False
exponent_equal_70000,results_exp70_matched_codex_sweep_full_equal_seed70000\summary.json,effective_exponent,matched effective exponent geometry,equal,70000,all_six,EW/KPZ/BD/Eden/RD/KS,240,6,ks,rd,2.60304,False
exponent_equal_70000,results_exp70_matched_codex_sweep_full_equal_seed70000\summary.json,effective_exponent,matched effective exponent geometry,equal,70000,no_ks,EW/KPZ/BD/Eden/RD,200,5,bd,eden,0.606666,True
exponent_equal_70000,results_exp70_matched_codex_sweep_full_equal_seed70000\summary.json,effective_exponent,matched effective exponent geometry,equal,70000,no_ks,EW/KPZ/BD/Eden/RD,200,5,bd,ew,1.2024,False
exponent_equal_70000,results_exp70_matched_codex_sweep_full_equal_seed70000\summary.json,effective_exponent,matched effective exponent geometry,equal,70000,no_ks,EW/KPZ/BD/Eden/RD,200,5,bd,kpz,0.478863,True
exponent_equal_70000,results_exp70_matched_codex_sweep_full_equal_seed70000\summary.json,effective_exponent,matched effective exponent geometry,equal,70000,no_ks,EW/KPZ/BD/Eden/RD,200,5,bd,rd,3.26135,False
exponent_equal_70000,results_exp70_matched_codex_sweep_full_equal_seed70000\summary.json,effective_exponent,matched effective exponent geometry,equal,70000,no_ks,EW/KPZ/BD/Eden/RD,200,5,eden,ew,1.57281,False
exponent_equal_70000,results_exp70_matched_codex_sweep_full_equal_seed70000\summary.json,effective_exponent,matched effective exponent geometry,equal,70000,no_ks,EW/KPZ/BD/Eden/RD,200,5,eden,kpz,1.0588,True
exponent_equal_70000,results_exp70_matched_codex_sweep_full_equal_seed70000\summary.json,effective_exponent,matched effective exponent geometry,equal,70000,no_ks,EW/KPZ/BD/Eden/RD,200,5,eden,rd,3.08453,False
exponent_equal_70000,results_exp70_matched_codex_sweep_full_equal_seed70000\summary.json,effective_exponent,matched effective exponent geometry,equal,70000,no_ks,EW/KPZ/BD/Eden/RD,200,5,ew,kpz,0.913757,False
exponent_equal_70000,results_exp70_matched_codex_sweep_full_equal_seed70000\summary.json,effective_exponent,matched effective exponent geometry,equal,70000,no_ks,EW/KPZ/BD/Eden/RD,200,5,ew,rd,4.43525,False
exponent_equal_70000,results_exp70_matched_codex_sweep_full_equal_seed70000\summary.json,effective_exponent,matched effective exponent geometry,equal,70000,no_ks,EW/KPZ/BD/Eden/RD,200,5,kpz,rd,3.62147,False
exponent_equal_70000,results_exp70_matched_codex_sweep_full_equal_seed70000\summary.json,effective_exponent,matched effective exponent geometry,equal,70000,no_rd,EW/KPZ/BD/Eden/KS,200,5,bd,eden,0.505747,True
exponent_equal_70000,results_exp70_matched_codex_sweep_full_equal_seed70000\summary.json,effective_exponent,matched effective exponent geometry,equal,70000,no_rd,EW/KPZ/BD/Eden/KS,200,5,bd,ew,1.02032,False
exponent_equal_70000,results_exp70_matched_codex_sweep_full_equal_seed70000\summary.json,effective_exponent,matched effective exponent geometry,equal,70000,no_rd,EW/KPZ/BD/Eden/KS,200,5,bd,kpz,0.45825,True
exponent_equal_70000,results_exp70_matched_codex_sweep_full_equal_seed70000\summary.json,effective_exponent,matched effective exponent geometry,equal,70000,no_rd,EW/KPZ/BD/Eden/KS,200,5,bd,ks,3.64433,False
exponent_equal_70000,results_exp70_matched_codex_sweep_full_equal_seed70000\summary.json,effective_exponent,matched effective exponent geometry,equal,70000,no_rd,EW/KPZ/BD/Eden/KS,200,5,eden,ew,1.49538,False
exponent_equal_70000,results_exp70_matched_codex_sweep_full_equal_seed70000\summary.json,effective_exponent,matched effective exponent geometry,equal,70000,no_rd,EW/KPZ/BD/Eden/KS,200,5,eden,kpz,0.963279,True
exponent_equal_70000,results_exp70_matched_codex_sweep_full_equal_seed70000\summary.json,effective_exponent,matched effective exponent geometry,equal,70000,no_rd,EW/KPZ/BD/Eden/KS,200,5,eden,ks,3.30866,False
exponent_equal_70000,results_exp70_matched_codex_sweep_full_equal_seed70000\summary.json,effective_exponent,matched effective exponent geometry,equal,70000,no_rd,EW/KPZ/BD/Eden/KS,200,5,ew,kpz,0.655679,False
exponent_equal_70000,results_exp70_matched_codex_sweep_full_equal_seed70000\summary.json,effective_exponent,matched effective exponent geometry,equal,70000,no_rd,EW/KPZ/BD/Eden/KS,200,5,ew,ks,4.43769,False
exponent_equal_70000,results_exp70_matched_codex_sweep_full_equal_seed70000\summary.json,effective_exponent,matched effective exponent geometry,equal,70000,no_rd,EW/KPZ/BD/Eden/KS,200,5,kpz,ks,3.9816,False
exponent_equal_70000,results_exp70_matched_codex_sweep_full_equal_seed70000\summary.json,effective_exponent,matched effective exponent geometry,equal,70000,no_rd_no_ks,EW/KPZ/BD/Eden,160,4,bd,eden,0.981081,True
exponent_equal_70000,results_exp70_matched_codex_sweep_full_equal_seed70000\summary.json,effective_exponent,matched effective exponent geometry,equal,70000,no_rd_no_ks,EW/KPZ/BD/Eden,160,4,bd,ew,1.89929,False
exponent_equal_70000,results_exp70_matched_codex_sweep_full_equal_seed70000\summary.json,effective_exponent,matched effective exponent geometry,equal,70000,no_rd_no_ks,EW/KPZ/BD/Eden,160,4,bd,kpz,0.736996,True
exponent_equal_70000,results_exp70_matched_codex_sweep_full_equal_seed70000\summary.json,effective_exponent,matched effective exponent geometry,equal,70000,no_rd_no_ks,EW/KPZ/BD/Eden,160,4,eden,ew,2.3791,False
exponent_equal_70000,results_exp70_matched_codex_sweep_full_equal_seed70000\summary.json,effective_exponent,matched effective exponent geometry,equal,70000,no_rd_no_ks,EW/KPZ/BD/Eden,160,4,eden,kpz,1.66204,True
exponent_equal_70000,results_exp70_matched_codex_sweep_full_equal_seed70000\summary.json,effective_exponent,matched effective exponent geometry,equal,70000,no_rd_no_ks,EW/KPZ/BD/Eden,160,4,ew,kpz,1.50965,False
exponent_equal_71000,results_exp70_matched_codex_sweep_full_equal_seed71000\summary.json,effective_exponent,matched effective exponent geometry,equal,71000,all_six,EW/KPZ/BD/Eden/RD/KS,240,6,bd,eden,0.260059,True
exponent_equal_71000,results_exp70_matched_codex_sweep_full_equal_seed71000\summary.json,effective_exponent,matched effective exponent geometry,equal,71000,all_six,EW/KPZ/BD/Eden/RD/KS,240,6,bd,ew,1.74027,False
exponent_equal_71000,results_exp70_matched_codex_sweep_full_equal_seed71000\summary.json,effective_exponent,matched effective exponent geometry,equal,71000,all_six,EW/KPZ/BD/Eden/RD/KS,240,6,bd,kpz,1.40258,True
exponent_equal_71000,results_exp70_matched_codex_sweep_full_equal_seed71000\summary.json,effective_exponent,matched effective exponent geometry,equal,71000,all_six,EW/KPZ/BD/Eden/RD/KS,240,6,bd,ks,3.21595,False
exponent_equal_71000,results_exp70_matched_codex_sweep_full_equal_seed71000\summary.json,effective_exponent,matched effective exponent geometry,equal,71000,all_six,EW/KPZ/BD/Eden/RD/KS,240,6,bd,rd,1.71273,False
exponent_equal_71000,results_exp70_matched_codex_sweep_full_equal_seed71000\summary.json,effective_exponent,matched effective exponent geometry,equal,71000,all_six,EW/KPZ/BD/Eden/RD/KS,240,6,eden,ew,1.82609,False
exponent_equal_71000,results_exp70_matched_codex_sweep_full_equal_seed71000\summary.json,effective_exponent,matched effective exponent geometry,equal,71000,all_six,EW/KPZ/BD/Eden/RD/KS,240,6,eden,kpz,1.51766,True
exponent_equal_71000,results_exp70_matched_codex_sweep_full_equal_seed71000\summary.json,effective_exponent,matched effective exponent geometry,equal,71000,all_six,EW/KPZ/BD/Eden/RD/KS,240,6,eden,ks,3.19116,False
exponent_equal_71000,results_exp70_matched_codex_sweep_full_equal_seed71000\summary.json,effective_exponent,matched effective exponent geometry,equal,71000,all_six,EW/KPZ/BD/Eden/RD/KS,240,6,eden,rd,1.59702,False
exponent_equal_71000,results_exp70_matched_codex_sweep_full_equal_seed71000\summary.json,effective_exponent,matched effective exponent geometry,equal,71000,all_six,EW/KPZ/BD/Eden/RD/KS,240,6,ew,kpz,0.380081,False
exponent_equal_71000,results_exp70_matched_codex_sweep_full_equal_seed71000\summary.json,effective_exponent,matched effective exponent geometry,equal,71000,all_six,EW/KPZ/BD/Eden/RD/KS,240,6,ew,ks,4.43251,False
exponent_equal_71000,results_exp70_matched_codex_sweep_full_equal_seed71000\summary.json,effective_exponent,matched effective exponent geometry,equal,71000,all_six,EW/KPZ/BD/Eden/RD/KS,240,6,ew,rd,3.42075,False
exponent_equal_71000,results_exp70_matched_codex_sweep_full_equal_seed71000\summary.json,effective_exponent,matched effective exponent geometry,equal,71000,all_six,EW/KPZ/BD/Eden/RD/KS,240,6,kpz,ks,4.17775,False
exponent_equal_71000,results_exp70_matched_codex_sweep_full_equal_seed71000\summary.json,effective_exponent,matched effective exponent geometry,equal,71000,all_six,EW/KPZ/BD/Eden/RD/KS,240,6,kpz,rd,3.1051,False
exponent_equal_71000,results_exp70_matched_codex_sweep_full_equal_seed71000\summary.json,effective_exponent,matched effective exponent geometry,equal,71000,all_six,EW/KPZ/BD/Eden/RD/KS,240,6,ks,rd,2.59686,False
exponent_equal_71000,results_exp70_matched_codex_sweep_full_equal_seed71000\summary.json,effective_exponent,matched effective exponent geometry,equal,71000,no_ks,EW/KPZ/BD/Eden/RD,200,5,bd,eden,0.985339,True
exponent_equal_71000,results_exp70_matched_codex_sweep_full_equal_seed71000\summary.json,effective_exponent,matched effective exponent geometry,equal,71000,no_ks,EW/KPZ/BD/Eden/RD,200,5,bd,ew,2.1207,False
exponent_equal_71000,results_exp70_matched_codex_sweep_full_equal_seed71000\summary.json,effective_exponent,matched effective exponent geometry,equal,71000,no_ks,EW/KPZ/BD/Eden/RD,200,5,bd,kpz,1.65263,True
exponent_equal_71000,results_exp70_matched_codex_sweep_full_equal_seed71000\summary.json,effective_exponent,matched effective exponent geometry,equal,71000,no_ks,EW/KPZ/BD/Eden/RD,200,5,bd,rd,2.34644,False
exponent_equal_71000,results_exp70_matched_codex_sweep_full_equal_seed71000\summary.json,effective_exponent,matched effective exponent geometry,equal,71000,no_ks,EW/KPZ/BD/Eden/RD,200,5,eden,ew,1.97901,False
exponent_equal_71000,results_exp70_matched_codex_sweep_full_equal_seed71000\summary.json,effective_exponent,matched effective exponent geometry,equal,71000,no_ks,EW/KPZ/BD/Eden/RD,200,5,eden,kpz,1.6743,True
exponent_equal_71000,results_exp70_matched_codex_sweep_full_equal_seed71000\summary.json,effective_exponent,matched effective exponent geometry,equal,71000,no_ks,EW/KPZ/BD/Eden/RD,200,5,eden,rd,2.93725,False
exponent_equal_71000,results_exp70_matched_codex_sweep_full_equal_seed71000\summary.json,effective_exponent,matched effective exponent geometry,equal,71000,no_ks,EW/KPZ/BD/Eden/RD,200,5,ew,kpz,0.524224,False
exponent_equal_71000,results_exp70_matched_codex_sweep_full_equal_seed71000\summary.json,effective_exponent,matched effective exponent geometry,equal,71000,no_ks,EW/KPZ/BD/Eden/RD,200,5,ew,rd,4.42064,False
exponent_equal_71000,results_exp70_matched_codex_sweep_full_equal_seed71000\summary.json,effective_exponent,matched effective exponent geometry,equal,71000,no_ks,EW/KPZ/BD/Eden/RD,200,5,kpz,rd,3.95927,False
exponent_equal_71000,results_exp70_matched_codex_sweep_full_equal_seed71000\summary.json,effective_exponent,matched effective exponent geometry,equal,71000,no_rd,EW/KPZ/BD/Eden/KS,200,5,bd,eden,0.277004,True
exponent_equal_71000,results_exp70_matched_codex_sweep_full_equal_seed71000\summary.json,effective_exponent,matched effective exponent geometry,equal,71000,no_rd,EW/KPZ/BD/Eden/KS,200,5,bd,ew,1.84867,False
exponent_equal_71000,results_exp70_matched_codex_sweep_full_equal_seed71000\summary.json,effective_exponent,matched effective exponent geometry,equal,71000,no_rd,EW/KPZ/BD/Eden/KS,200,5,bd,kpz,1.49205,True
exponent_equal_71000,results_exp70_matched_codex_sweep_full_equal_seed71000\summary.json,effective_exponent,matched effective exponent geometry,equal,71000,no_rd,EW/KPZ/BD/Eden/KS,200,5,bd,ks,3.12347,False
exponent_equal_71000,results_exp70_matched_codex_sweep_full_equal_seed71000\summary.json,effective_exponent,matched effective exponent geometry,equal,71000,no_rd,EW/KPZ/BD/Eden/KS,200,5,eden,ew,1.94328,False
exponent_equal_71000,results_exp70_matched_codex_sweep_full_equal_seed71000\summary.json,effective_exponent,matched effective exponent geometry,equal,71000,no_rd,EW/KPZ/BD/Eden/KS,200,5,eden,kpz,1.61774,True
exponent_equal_71000,results_exp70_matched_codex_sweep_full_equal_seed71000\summary.json,effective_exponent,matched effective exponent geometry,equal,71000,no_rd,EW/KPZ/BD/Eden/KS,200,5,eden,ks,3.08105,False
exponent_equal_71000,results_exp70_matched_codex_sweep_full_equal_seed71000\summary.json,effective_exponent,matched effective exponent geometry,equal,71000,no_rd,EW/KPZ/BD/Eden/KS,200,5,ew,kpz,0.402163,False
exponent_equal_71000,results_exp70_matched_codex_sweep_full_equal_seed71000\summary.json,effective_exponent,matched effective exponent geometry,equal,71000,no_rd,EW/KPZ/BD/Eden/KS,200,5,ew,ks,4.49537,False
exponent_equal_71000,results_exp70_matched_codex_sweep_full_equal_seed71000\summary.json,effective_exponent,matched effective exponent geometry,equal,71000,no_rd,EW/KPZ/BD/Eden/KS,200,5,kpz,ks,4.21514,False
exponent_equal_71000,results_exp70_matched_codex_sweep_full_equal_seed71000\summary.json,effective_exponent,matched effective exponent geometry,equal,71000,no_rd_no_ks,EW/KPZ/BD/Eden,160,4,bd,eden,1.57044,True
exponent_equal_71000,results_exp70_matched_codex_sweep_full_equal_seed71000\summary.json,effective_exponent,matched effective exponent geometry,equal,71000,no_rd_no_ks,EW/KPZ/BD/Eden,160,4,bd,ew,2.9894,False
exponent_equal_71000,results_exp70_matched_codex_sweep_full_equal_seed71000\summary.json,effective_exponent,matched effective exponent geometry,equal,71000,no_rd_no_ks,EW/KPZ/BD/Eden,160,4,bd,kpz,2.3178,True
exponent_equal_71000,results_exp70_matched_codex_sweep_full_equal_seed71000\summary.json,effective_exponent,matched effective exponent geometry,equal,71000,no_rd_no_ks,EW/KPZ/BD/Eden,160,4,eden,ew,2.69811,False
exponent_equal_71000,results_exp70_matched_codex_sweep_full_equal_seed71000\summary.json,effective_exponent,matched effective exponent geometry,equal,71000,no_rd_no_ks,EW/KPZ/BD/Eden,160,4,eden,kpz,2.31699,True
exponent_equal_71000,results_exp70_matched_codex_sweep_full_equal_seed71000\summary.json,effective_exponent,matched effective exponent geometry,equal,71000,no_rd_no_ks,EW/KPZ/BD/Eden,160,4,ew,kpz,0.755207,False
exponent_equal_72000,results_exp70_matched_codex_sweep_full_equal_seed72000\summary.json,effective_exponent,matched effective exponent geometry,equal,72000,all_six,EW/KPZ/BD/Eden/RD/KS,240,6,bd,eden,0.923386,True
exponent_equal_72000,results_exp70_matched_codex_sweep_full_equal_seed72000\summary.json,effective_exponent,matched effective exponent geometry,equal,72000,all_six,EW/KPZ/BD/Eden/RD/KS,240,6,bd,ew,2.39196,False
exponent_equal_72000,results_exp70_matched_codex_sweep_full_equal_seed72000\summary.json,effective_exponent,matched effective exponent geometry,equal,72000,all_six,EW/KPZ/BD/Eden/RD/KS,240,6,bd,kpz,0.3112,True
exponent_equal_72000,results_exp70_matched_codex_sweep_full_equal_seed72000\summary.json,effective_exponent,matched effective exponent geometry,equal,72000,all_six,EW/KPZ/BD/Eden/RD/KS,240,6,bd,ks,3.15449,False
exponent_equal_72000,results_exp70_matched_codex_sweep_full_equal_seed72000\summary.json,effective_exponent,matched effective exponent geometry,equal,72000,all_six,EW/KPZ/BD/Eden/RD/KS,240,6,bd,rd,1.52893,False
exponent_equal_72000,results_exp70_matched_codex_sweep_full_equal_seed72000\summary.json,effective_exponent,matched effective exponent geometry,equal,72000,all_six,EW/KPZ/BD/Eden/RD/KS,240,6,eden,ew,3.31443,False
exponent_equal_72000,results_exp70_matched_codex_sweep_full_equal_seed72000\summary.json,effective_exponent,matched effective exponent geometry,equal,72000,all_six,EW/KPZ/BD/Eden/RD/KS,240,6,eden,kpz,1.1952,True
exponent_equal_72000,results_exp70_matched_codex_sweep_full_equal_seed72000\summary.json,effective_exponent,matched effective exponent geometry,equal,72000,all_six,EW/KPZ/BD/Eden/RD/KS,240,6,eden,ks,2.75342,False
exponent_equal_72000,results_exp70_matched_codex_sweep_full_equal_seed72000\summary.json,effective_exponent,matched effective exponent geometry,equal,72000,all_six,EW/KPZ/BD/Eden/RD/KS,240,6,eden,rd,0.615606,False
exponent_equal_72000,results_exp70_matched_codex_sweep_full_equal_seed72000\summary.json,effective_exponent,matched effective exponent geometry,equal,72000,all_six,EW/KPZ/BD/Eden/RD/KS,240,6,ew,kpz,2.13275,False
exponent_equal_72000,results_exp70_matched_codex_sweep_full_equal_seed72000\summary.json,effective_exponent,matched effective exponent geometry,equal,72000,all_six,EW/KPZ/BD/Eden/RD/KS,240,6,ew,ks,4.84816,False
exponent_equal_72000,results_exp70_matched_codex_sweep_full_equal_seed72000\summary.json,effective_exponent,matched effective exponent geometry,equal,72000,all_six,EW/KPZ/BD/Eden/RD/KS,240,6,ew,rd,3.91737,False
exponent_equal_72000,results_exp70_matched_codex_sweep_full_equal_seed72000\summary.json,effective_exponent,matched effective exponent geometry,equal,72000,all_six,EW/KPZ/BD/Eden/RD/KS,240,6,kpz,ks,3.29798,False
exponent_equal_72000,results_exp70_matched_codex_sweep_full_equal_seed72000\summary.json,effective_exponent,matched effective exponent geometry,equal,72000,all_six,EW/KPZ/BD/Eden/RD/KS,240,6,kpz,rd,1.80825,False
exponent_equal_72000,results_exp70_matched_codex_sweep_full_equal_seed72000\summary.json,effective_exponent,matched effective exponent geometry,equal,72000,all_six,EW/KPZ/BD/Eden/RD/KS,240,6,ks,rd,2.60027,False
exponent_equal_72000,results_exp70_matched_codex_sweep_full_equal_seed72000\summary.json,effective_exponent,matched effective exponent geometry,equal,72000,no_ks,EW/KPZ/BD/Eden/RD,200,5,bd,eden,1.18669,True
exponent_equal_72000,results_exp70_matched_codex_sweep_full_equal_seed72000\summary.json,effective_exponent,matched effective exponent geometry,equal,72000,no_ks,EW/KPZ/BD/Eden/RD,200,5,bd,ew,2.44939,False
exponent_equal_72000,results_exp70_matched_codex_sweep_full_equal_seed72000\summary.json,effective_exponent,matched effective exponent geometry,equal,72000,no_ks,EW/KPZ/BD/Eden/RD,200,5,bd,kpz,0.371433,True
exponent_equal_72000,results_exp70_matched_codex_sweep_full_equal_seed72000\summary.json,effective_exponent,matched effective exponent geometry,equal,72000,no_ks,EW/KPZ/BD/Eden/RD,200,5,bd,rd,2.30288,False
exponent_equal_72000,results_exp70_matched_codex_sweep_full_equal_seed72000\summary.json,effective_exponent,matched effective exponent geometry,equal,72000,no_ks,EW/KPZ/BD/Eden/RD,200,5,eden,ew,3.52435,False
exponent_equal_72000,results_exp70_matched_codex_sweep_full_equal_seed72000\summary.json,effective_exponent,matched effective exponent geometry,equal,72000,no_ks,EW/KPZ/BD/Eden/RD,200,5,eden,kpz,1.33078,True
exponent_equal_72000,results_exp70_matched_codex_sweep_full_equal_seed72000\summary.json,effective_exponent,matched effective exponent geometry,equal,72000,no_ks,EW/KPZ/BD/Eden/RD,200,5,eden,rd,1.1559,False
exponent_equal_72000,results_exp70_matched_codex_sweep_full_equal_seed72000\summary.json,effective_exponent,matched effective exponent geometry,equal,72000,no_ks,EW/KPZ/BD/Eden/RD,200,5,ew,kpz,2.22079,False
exponent_equal_72000,results_exp70_matched_codex_sweep_full_equal_seed72000\summary.json,effective_exponent,matched effective exponent geometry,equal,72000,no_ks,EW/KPZ/BD/Eden/RD,200,5,ew,rd,4.46342,False
exponent_equal_72000,results_exp70_matched_codex_sweep_full_equal_seed72000\summary.json,effective_exponent,matched effective exponent geometry,equal,72000,no_ks,EW/KPZ/BD/Eden/RD,200,5,kpz,rd,2.38166,False
exponent_equal_72000,results_exp70_matched_codex_sweep_full_equal_seed72000\summary.json,effective_exponent,matched effective exponent geometry,equal,72000,no_rd,EW/KPZ/BD/Eden/KS,200,5,bd,eden,0.923209,True
exponent_equal_72000,results_exp70_matched_codex_sweep_full_equal_seed72000\summary.json,effective_exponent,matched effective exponent geometry,equal,72000,no_rd,EW/KPZ/BD/Eden/KS,200,5,bd,ew,2.39317,False
exponent_equal_72000,results_exp70_matched_codex_sweep_full_equal_seed72000\summary.json,effective_exponent,matched effective exponent geometry,equal,72000,no_rd,EW/KPZ/BD/Eden/KS,200,5,bd,kpz,0.313697,True
exponent_equal_72000,results_exp70_matched_codex_sweep_full_equal_seed72000\summary.json,effective_exponent,matched effective exponent geometry,equal,72000,no_rd,EW/KPZ/BD/Eden/KS,200,5,bd,ks,2.98436,False
exponent_equal_72000,results_exp70_matched_codex_sweep_full_equal_seed72000\summary.json,effective_exponent,matched effective exponent geometry,equal,72000,no_rd,EW/KPZ/BD/Eden/KS,200,5,eden,ew,3.31555,False
exponent_equal_72000,results_exp70_matched_codex_sweep_full_equal_seed72000\summary.json,effective_exponent,matched effective exponent geometry,equal,72000,no_rd,EW/KPZ/BD/Eden/KS,200,5,eden,kpz,1.19795,True
exponent_equal_72000,results_exp70_matched_codex_sweep_full_equal_seed72000\summary.json,effective_exponent,matched effective exponent geometry,equal,72000,no_rd,EW/KPZ/BD/Eden/KS,200,5,eden,ks,2.56281,False
exponent_equal_72000,results_exp70_matched_codex_sweep_full_equal_seed72000\summary.json,effective_exponent,matched effective exponent geometry,equal,72000,no_rd,EW/KPZ/BD/Eden/KS,200,5,ew,kpz,2.13113,False
exponent_equal_72000,results_exp70_matched_codex_sweep_full_equal_seed72000\summary.json,effective_exponent,matched effective exponent geometry,equal,72000,no_rd,EW/KPZ/BD/Eden/KS,200,5,ew,ks,4.73995,False
exponent_equal_72000,results_exp70_matched_codex_sweep_full_equal_seed72000\summary.json,effective_exponent,matched effective exponent geometry,equal,72000,no_rd,EW/KPZ/BD/Eden/KS,200,5,kpz,ks,3.13911,False
exponent_equal_72000,results_exp70_matched_codex_sweep_full_equal_seed72000\summary.json,effective_exponent,matched effective exponent geometry,equal,72000,no_rd_no_ks,EW/KPZ/BD/Eden,160,4,bd,eden,1.3126,True
exponent_equal_72000,results_exp70_matched_codex_sweep_full_equal_seed72000\summary.json,effective_exponent,matched effective exponent geometry,equal,72000,no_rd_no_ks,EW/KPZ/BD/Eden,160,4,bd,ew,2.65986,False
exponent_equal_72000,results_exp70_matched_codex_sweep_full_equal_seed72000\summary.json,effective_exponent,matched effective exponent geometry,equal,72000,no_rd_no_ks,EW/KPZ/BD/Eden,160,4,bd,kpz,0.415522,True
exponent_equal_72000,results_exp70_matched_codex_sweep_full_equal_seed72000\summary.json,effective_exponent,matched effective exponent geometry,equal,72000,no_rd_no_ks,EW/KPZ/BD/Eden,160,4,eden,ew,3.84068,False
exponent_equal_72000,results_exp70_matched_codex_sweep_full_equal_seed72000\summary.json,effective_exponent,matched effective exponent geometry,equal,72000,no_rd_no_ks,EW/KPZ/BD/Eden,160,4,eden,kpz,1.46363,True
exponent_equal_72000,results_exp70_matched_codex_sweep_full_equal_seed72000\summary.json,effective_exponent,matched effective exponent geometry,equal,72000,no_rd_no_ks,EW/KPZ/BD/Eden,160,4,ew,kpz,2.40739,False
exponent_equal_73000,results_exp70_matched_codex_sweep_full_equal_seed73000\summary.json,effective_exponent,matched effective exponent geometry,equal,73000,all_six,EW/KPZ/BD/Eden/RD/KS,240,6,bd,eden,1.01471,True
exponent_equal_73000,results_exp70_matched_codex_sweep_full_equal_seed73000\summary.json,effective_exponent,matched effective exponent geometry,equal,73000,all_six,EW/KPZ/BD/Eden/RD/KS,240,6,bd,ew,1.39759,False
exponent_equal_73000,results_exp70_matched_codex_sweep_full_equal_seed73000\summary.json,effective_exponent,matched effective exponent geometry,equal,73000,all_six,EW/KPZ/BD/Eden/RD/KS,240,6,bd,kpz,0.728837,True
exponent_equal_73000,results_exp70_matched_codex_sweep_full_equal_seed73000\summary.json,effective_exponent,matched effective exponent geometry,equal,73000,all_six,EW/KPZ/BD/Eden/RD/KS,240,6,bd,ks,3.52366,False
exponent_equal_73000,results_exp70_matched_codex_sweep_full_equal_seed73000\summary.json,effective_exponent,matched effective exponent geometry,equal,73000,all_six,EW/KPZ/BD/Eden/RD/KS,240,6,bd,rd,1.92647,False
exponent_equal_73000,results_exp70_matched_codex_sweep_full_equal_seed73000\summary.json,effective_exponent,matched effective exponent geometry,equal,73000,all_six,EW/KPZ/BD/Eden/RD/KS,240,6,eden,ew,2.37952,False
exponent_equal_73000,results_exp70_matched_codex_sweep_full_equal_seed73000\summary.json,effective_exponent,matched effective exponent geometry,equal,73000,all_six,EW/KPZ/BD/Eden/RD/KS,240,6,eden,kpz,1.7435,True
exponent_equal_73000,results_exp70_matched_codex_sweep_full_equal_seed73000\summary.json,effective_exponent,matched effective exponent geometry,equal,73000,all_six,EW/KPZ/BD/Eden/RD/KS,240,6,eden,ks,2.99246,False
exponent_equal_73000,results_exp70_matched_codex_sweep_full_equal_seed73000\summary.json,effective_exponent,matched effective exponent geometry,equal,73000,all_six,EW/KPZ/BD/Eden/RD/KS,240,6,eden,rd,0.94145,False
exponent_equal_73000,results_exp70_matched_codex_sweep_full_equal_seed73000\summary.json,effective_exponent,matched effective exponent geometry,equal,73000,all_six,EW/KPZ/BD/Eden/RD/KS,240,6,ew,kpz,0.74728,False
exponent_equal_73000,results_exp70_matched_codex_sweep_full_equal_seed73000\summary.json,effective_exponent,matched effective exponent geometry,equal,73000,all_six,EW/KPZ/BD/Eden/RD/KS,240,6,ew,ks,4.55327,False
exponent_equal_73000,results_exp70_matched_codex_sweep_full_equal_seed73000\summary.json,effective_exponent,matched effective exponent geometry,equal,73000,all_six,EW/KPZ/BD/Eden/RD/KS,240,6,ew,rd,3.31125,False
exponent_equal_73000,results_exp70_matched_codex_sweep_full_equal_seed73000\summary.json,effective_exponent,matched effective exponent geometry,equal,73000,all_six,EW/KPZ/BD/Eden/RD/KS,240,6,kpz,ks,4.02843,False
exponent_equal_73000,results_exp70_matched_codex_sweep_full_equal_seed73000\summary.json,effective_exponent,matched effective exponent geometry,equal,73000,all_six,EW/KPZ/BD/Eden/RD/KS,240,6,kpz,rd,2.64835,False
exponent_equal_73000,results_exp70_matched_codex_sweep_full_equal_seed73000\summary.json,effective_exponent,matched effective exponent geometry,equal,73000,all_six,EW/KPZ/BD/Eden/RD/KS,240,6,ks,rd,2.62868,False
exponent_equal_73000,results_exp70_matched_codex_sweep_full_equal_seed73000\summary.json,effective_exponent,matched effective exponent geometry,equal,73000,no_ks,EW/KPZ/BD/Eden/RD,200,5,bd,eden,1.1741,True
exponent_equal_73000,results_exp70_matched_codex_sweep_full_equal_seed73000\summary.json,effective_exponent,matched effective exponent geometry,equal,73000,no_ks,EW/KPZ/BD/Eden/RD,200,5,bd,ew,1.61549,False
exponent_equal_73000,results_exp70_matched_codex_sweep_full_equal_seed73000\summary.json,effective_exponent,matched effective exponent geometry,equal,73000,no_ks,EW/KPZ/BD/Eden/RD,200,5,bd,kpz,0.806304,True
exponent_equal_73000,results_exp70_matched_codex_sweep_full_equal_seed73000\summary.json,effective_exponent,matched effective exponent geometry,equal,73000,no_ks,EW/KPZ/BD/Eden/RD,200,5,bd,rd,2.66245,False
exponent_equal_73000,results_exp70_matched_codex_sweep_full_equal_seed73000\summary.json,effective_exponent,matched effective exponent geometry,equal,73000,no_ks,EW/KPZ/BD/Eden/RD,200,5,eden,ew,2.61767,False
exponent_equal_73000,results_exp70_matched_codex_sweep_full_equal_seed73000\summary.json,effective_exponent,matched effective exponent geometry,equal,73000,no_ks,EW/KPZ/BD/Eden/RD,200,5,eden,kpz,1.96795,True
exponent_equal_73000,results_exp70_matched_codex_sweep_full_equal_seed73000\summary.json,effective_exponent,matched effective exponent geometry,equal,73000,no_ks,EW/KPZ/BD/Eden/RD,200,5,eden,rd,2.22325,False
exponent_equal_73000,results_exp70_matched_codex_sweep_full_equal_seed73000\summary.json,effective_exponent,matched effective exponent geometry,equal,73000,no_ks,EW/KPZ/BD/Eden/RD,200,5,ew,kpz,1.00101,False
exponent_equal_73000,results_exp70_matched_codex_sweep_full_equal_seed73000\summary.json,effective_exponent,matched effective exponent geometry,equal,73000,no_ks,EW/KPZ/BD/Eden/RD,200,5,ew,rd,4.21319,False
exponent_equal_73000,results_exp70_matched_codex_sweep_full_equal_seed73000\summary.json,effective_exponent,matched effective exponent geometry,equal,73000,no_ks,EW/KPZ/BD/Eden/RD,200,5,kpz,rd,3.30013,False
exponent_equal_73000,results_exp70_matched_codex_sweep_full_equal_seed73000\summary.json,effective_exponent,matched effective exponent geometry,equal,73000,no_rd,EW/KPZ/BD/Eden/KS,200,5,bd,eden,1.03408,True
exponent_equal_73000,results_exp70_matched_codex_sweep_full_equal_seed73000\summary.json,effective_exponent,matched effective exponent geometry,equal,73000,no_rd,EW/KPZ/BD/Eden/KS,200,5,bd,ew,1.43163,False
exponent_equal_73000,results_exp70_matched_codex_sweep_full_equal_seed73000\summary.json,effective_exponent,matched effective exponent geometry,equal,73000,no_rd,EW/KPZ/BD/Eden/KS,200,5,bd,kpz,0.742785,True
exponent_equal_73000,results_exp70_matched_codex_sweep_full_equal_seed73000\summary.json,effective_exponent,matched effective exponent geometry,equal,73000,no_rd,EW/KPZ/BD/Eden/KS,200,5,bd,ks,3.40598,False
exponent_equal_73000,results_exp70_matched_codex_sweep_full_equal_seed73000\summary.json,effective_exponent,matched effective exponent geometry,equal,73000,no_rd,EW/KPZ/BD/Eden/KS,200,5,eden,ew,2.43232,False
exponent_equal_73000,results_exp70_matched_codex_sweep_full_equal_seed73000\summary.json,effective_exponent,matched effective exponent geometry,equal,73000,no_rd,EW/KPZ/BD/Eden/KS,200,5,eden,kpz,1.77683,True
exponent_equal_73000,results_exp70_matched_codex_sweep_full_equal_seed73000\summary.json,effective_exponent,matched effective exponent geometry,equal,73000,no_rd,EW/KPZ/BD/Eden/KS,200,5,eden,ks,2.82472,False
exponent_equal_73000,results_exp70_matched_codex_sweep_full_equal_seed73000\summary.json,effective_exponent,matched effective exponent geometry,equal,73000,no_rd,EW/KPZ/BD/Eden/KS,200,5,ew,kpz,0.768408,False
exponent_equal_73000,results_exp70_matched_codex_sweep_full_equal_seed73000\summary.json,effective_exponent,matched effective exponent geometry,equal,73000,no_rd,EW/KPZ/BD/Eden/KS,200,5,ew,ks,4.50305,False
exponent_equal_73000,results_exp70_matched_codex_sweep_full_equal_seed73000\summary.json,effective_exponent,matched effective exponent geometry,equal,73000,no_rd,EW/KPZ/BD/Eden/KS,200,5,kpz,ks,3.94579,False
exponent_equal_73000,results_exp70_matched_codex_sweep_full_equal_seed73000\summary.json,effective_exponent,matched effective exponent geometry,equal,73000,no_rd_no_ks,EW/KPZ/BD/Eden,160,4,bd,eden,1.44923,True
exponent_equal_73000,results_exp70_matched_codex_sweep_full_equal_seed73000\summary.json,effective_exponent,matched effective exponent geometry,equal,73000,no_rd_no_ks,EW/KPZ/BD/Eden,160,4,bd,ew,2.00488,False
exponent_equal_73000,results_exp70_matched_codex_sweep_full_equal_seed73000\summary.json,effective_exponent,matched effective exponent geometry,equal,73000,no_rd_no_ks,EW/KPZ/BD/Eden,160,4,bd,kpz,0.989592,True
exponent_equal_73000,results_exp70_matched_codex_sweep_full_equal_seed73000\summary.json,effective_exponent,matched effective exponent geometry,equal,73000,no_rd_no_ks,EW/KPZ/BD/Eden,160,4,eden,ew,3.22183,False
exponent_equal_73000,results_exp70_matched_codex_sweep_full_equal_seed73000\summary.json,effective_exponent,matched effective exponent geometry,equal,73000,no_rd_no_ks,EW/KPZ/BD/Eden,160,4,eden,kpz,2.42163,True
exponent_equal_73000,results_exp70_matched_codex_sweep_full_equal_seed73000\summary.json,effective_exponent,matched effective exponent geometry,equal,73000,no_rd_no_ks,EW/KPZ/BD/Eden,160,4,ew,kpz,1.2633,False
exponent_exp69_69000,results_exp70_matched_codex_sweep_full_exp69_seed69000\summary.json,effective_exponent,matched effective exponent geometry,exp69,69000,all_six,EW/KPZ/BD/Eden/RD/KS,240,6,bd,eden,0.552548,True
exponent_exp69_69000,results_exp70_matched_codex_sweep_full_exp69_seed69000\summary.json,effective_exponent,matched effective exponent geometry,exp69,69000,all_six,EW/KPZ/BD/Eden/RD/KS,240,6,bd,ew,2.07879,False
exponent_exp69_69000,results_exp70_matched_codex_sweep_full_exp69_seed69000\summary.json,effective_exponent,matched effective exponent geometry,exp69,69000,all_six,EW/KPZ/BD/Eden/RD/KS,240,6,bd,kpz,0.229542,True
exponent_exp69_69000,results_exp70_matched_codex_sweep_full_exp69_seed69000\summary.json,effective_exponent,matched effective exponent geometry,exp69,69000,all_six,EW/KPZ/BD/Eden/RD/KS,240,6,bd,ks,3.26007,False
exponent_exp69_69000,results_exp70_matched_codex_sweep_full_exp69_seed69000\summary.json,effective_exponent,matched effective exponent geometry,exp69,69000,all_six,EW/KPZ/BD/Eden/RD/KS,240,6,bd,rd,1.99318,False
exponent_exp69_69000,results_exp70_matched_codex_sweep_full_exp69_seed69000\summary.json,effective_exponent,matched effective exponent geometry,exp69,69000,all_six,EW/KPZ/BD/Eden/RD/KS,240,6,eden,ew,2.41462,False
exponent_exp69_69000,results_exp70_matched_codex_sweep_full_exp69_seed69000\summary.json,effective_exponent,matched effective exponent geometry,exp69,69000,all_six,EW/KPZ/BD/Eden/RD/KS,240,6,eden,kpz,0.343137,True
exponent_exp69_69000,results_exp70_matched_codex_sweep_full_exp69_seed69000\summary.json,effective_exponent,matched effective exponent geometry,exp69,69000,all_six,EW/KPZ/BD/Eden/RD/KS,240,6,eden,ks,3.09708,False
exponent_exp69_69000,results_exp70_matched_codex_sweep_full_exp69_seed69000\summary.json,effective_exponent,matched effective exponent geometry,exp69,69000,all_six,EW/KPZ/BD/Eden/RD/KS,240,6,eden,rd,1.55695,False
exponent_exp69_69000,results_exp70_matched_codex_sweep_full_exp69_seed69000\summary.json,effective_exponent,matched effective exponent geometry,exp69,69000,all_six,EW/KPZ/BD/Eden/RD/KS,240,6,ew,kpz,2.1422,False
exponent_exp69_69000,results_exp70_matched_codex_sweep_full_exp69_seed69000\summary.json,effective_exponent,matched effective exponent geometry,exp69,69000,all_six,EW/KPZ/BD/Eden/RD/KS,240,6,ew,ks,4.74982,False
exponent_exp69_69000,results_exp70_matched_codex_sweep_full_exp69_seed69000\summary.json,effective_exponent,matched effective exponent geometry,exp69,69000,all_six,EW/KPZ/BD/Eden/RD/KS,240,6,ew,rd,3.96573,False
exponent_exp69_69000,results_exp70_matched_codex_sweep_full_exp69_seed69000\summary.json,effective_exponent,matched effective exponent geometry,exp69,69000,all_six,EW/KPZ/BD/Eden/RD/KS,240,6,kpz,ks,3.22617,False
exponent_exp69_69000,results_exp70_matched_codex_sweep_full_exp69_seed69000\summary.json,effective_exponent,matched effective exponent geometry,exp69,69000,all_six,EW/KPZ/BD/Eden/RD/KS,240,6,kpz,rd,1.85863,False
exponent_exp69_69000,results_exp70_matched_codex_sweep_full_exp69_seed69000\summary.json,effective_exponent,matched effective exponent geometry,exp69,69000,all_six,EW/KPZ/BD/Eden/RD/KS,240,6,ks,rd,2.60362,False
exponent_exp69_69000,results_exp70_matched_codex_sweep_full_exp69_seed69000\summary.json,effective_exponent,matched effective exponent geometry,exp69,69000,no_ks,EW/KPZ/BD/Eden/RD,200,5,bd,eden,1.5212,True
exponent_exp69_69000,results_exp70_matched_codex_sweep_full_exp69_seed69000\summary.json,effective_exponent,matched effective exponent geometry,exp69,69000,no_ks,EW/KPZ/BD/Eden/RD,200,5,bd,ew,2.60583,False
exponent_exp69_69000,results_exp70_matched_codex_sweep_full_exp69_seed69000\summary.json,effective_exponent,matched effective exponent geometry,exp69,69000,no_ks,EW/KPZ/BD/Eden/RD,200,5,bd,kpz,0.934753,True
exponent_exp69_69000,results_exp70_matched_codex_sweep_full_exp69_seed69000\summary.json,effective_exponent,matched effective exponent geometry,exp69,69000,no_ks,EW/KPZ/BD/Eden/RD,200,5,bd,rd,2.25835,False
exponent_exp69_69000,results_exp70_matched_codex_sweep_full_exp69_seed69000\summary.json,effective_exponent,matched effective exponent geometry,exp69,69000,no_ks,EW/KPZ/BD/Eden/RD,200,5,eden,ew,2.49689,False
exponent_exp69_69000,results_exp70_matched_codex_sweep_full_exp69_seed69000\summary.json,effective_exponent,matched effective exponent geometry,exp69,69000,no_ks,EW/KPZ/BD/Eden/RD,200,5,eden,kpz,0.618114,True
exponent_exp69_69000,results_exp70_matched_codex_sweep_full_exp69_seed69000\summary.json,effective_exponent,matched effective exponent geometry,exp69,69000,no_ks,EW/KPZ/BD/Eden/RD,200,5,eden,rd,2.81796,False
exponent_exp69_69000,results_exp70_matched_codex_sweep_full_exp69_seed69000\summary.json,effective_exponent,matched effective exponent geometry,exp69,69000,no_ks,EW/KPZ/BD/Eden/RD,200,5,ew,kpz,2.28568,False
exponent_exp69_69000,results_exp70_matched_codex_sweep_full_exp69_seed69000\summary.json,effective_exponent,matched effective exponent geometry,exp69,69000,no_ks,EW/KPZ/BD/Eden/RD,200,5,ew,rd,4.74606,False
exponent_exp69_69000,results_exp70_matched_codex_sweep_full_exp69_seed69000\summary.json,effective_exponent,matched effective exponent geometry,exp69,69000,no_ks,EW/KPZ/BD/Eden/RD,200,5,kpz,rd,2.64203,False
exponent_exp69_69000,results_exp70_matched_codex_sweep_full_exp69_seed69000\summary.json,effective_exponent,matched effective exponent geometry,exp69,69000,no_rd,EW/KPZ/BD/Eden/KS,200,5,bd,eden,0.596399,True
exponent_exp69_69000,results_exp70_matched_codex_sweep_full_exp69_seed69000\summary.json,effective_exponent,matched effective exponent geometry,exp69,69000,no_rd,EW/KPZ/BD/Eden/KS,200,5,bd,ew,2.16206,False
exponent_exp69_69000,results_exp70_matched_codex_sweep_full_exp69_seed69000\summary.json,effective_exponent,matched effective exponent geometry,exp69,69000,no_rd,EW/KPZ/BD/Eden/KS,200,5,bd,kpz,0.245756,True
exponent_exp69_69000,results_exp70_matched_codex_sweep_full_exp69_seed69000\summary.json,effective_exponent,matched effective exponent geometry,exp69,69000,no_rd,EW/KPZ/BD/Eden/KS,200,5,bd,ks,3.17785,False
exponent_exp69_69000,results_exp70_matched_codex_sweep_full_exp69_seed69000\summary.json,effective_exponent,matched effective exponent geometry,exp69,69000,no_rd,EW/KPZ/BD/Eden/KS,200,5,eden,ew,2.5377,False
exponent_exp69_69000,results_exp70_matched_codex_sweep_full_exp69_seed69000\summary.json,effective_exponent,matched effective exponent geometry,exp69,69000,no_rd,EW/KPZ/BD/Eden/KS,200,5,eden,kpz,0.370035,True
exponent_exp69_69000,results_exp70_matched_codex_sweep_full_exp69_seed69000\summary.json,effective_exponent,matched effective exponent geometry,exp69,69000,no_rd,EW/KPZ/BD/Eden/KS,200,5,eden,ks,2.95998,False
exponent_exp69_69000,results_exp70_matched_codex_sweep_full_exp69_seed69000\summary.json,effective_exponent,matched effective exponent geometry,exp69,69000,no_rd,EW/KPZ/BD/Eden/KS,200,5,ew,kpz,2.2402,False
exponent_exp69_69000,results_exp70_matched_codex_sweep_full_exp69_seed69000\summary.json,effective_exponent,matched effective exponent geometry,exp69,69000,no_rd,EW/KPZ/BD/Eden/KS,200,5,ew,ks,4.80539,False
exponent_exp69_69000,results_exp70_matched_codex_sweep_full_exp69_seed69000\summary.json,effective_exponent,matched effective exponent geometry,exp69,69000,no_rd,EW/KPZ/BD/Eden/KS,200,5,kpz,ks,3.12129,False
exponent_exp69_69000,results_exp70_matched_codex_sweep_full_exp69_seed69000\summary.json,effective_exponent,matched effective exponent geometry,exp69,69000,no_rd_no_ks,EW/KPZ/BD/Eden,160,4,bd,eden,2.03081,True
exponent_exp69_69000,results_exp70_matched_codex_sweep_full_exp69_seed69000\summary.json,effective_exponent,matched effective exponent geometry,exp69,69000,no_rd_no_ks,EW/KPZ/BD/Eden,160,4,bd,ew,3.24426,False
exponent_exp69_69000,results_exp70_matched_codex_sweep_full_exp69_seed69000\summary.json,effective_exponent,matched effective exponent geometry,exp69,69000,no_rd_no_ks,EW/KPZ/BD/Eden,160,4,bd,kpz,1.24763,True
exponent_exp69_69000,results_exp70_matched_codex_sweep_full_exp69_seed69000\summary.json,effective_exponent,matched effective exponent geometry,exp69,69000,no_rd_no_ks,EW/KPZ/BD/Eden,160,4,eden,ew,3.0794,False
exponent_exp69_69000,results_exp70_matched_codex_sweep_full_exp69_seed69000\summary.json,effective_exponent,matched effective exponent geometry,exp69,69000,no_rd_no_ks,EW/KPZ/BD/Eden,160,4,eden,kpz,0.822516,True
exponent_exp69_69000,results_exp70_matched_codex_sweep_full_exp69_seed69000\summary.json,effective_exponent,matched effective exponent geometry,exp69,69000,no_rd_no_ks,EW/KPZ/BD/Eden,160,4,ew,kpz,2.79917,False
exponent_exp69_70000,results_exp70_matched_codex_sweep_full_exp69_seed70000\summary.json,effective_exponent,matched effective exponent geometry,exp69,70000,all_six,EW/KPZ/BD/Eden/RD/KS,240,6,bd,eden,0.525658,True
exponent_exp69_70000,results_exp70_matched_codex_sweep_full_exp69_seed70000\summary.json,effective_exponent,matched effective exponent geometry,exp69,70000,all_six,EW/KPZ/BD/Eden/RD/KS,240,6,bd,ew,0.520909,False
exponent_exp69_70000,results_exp70_matched_codex_sweep_full_exp69_seed70000\summary.json,effective_exponent,matched effective exponent geometry,exp69,70000,all_six,EW/KPZ/BD/Eden/RD/KS,240,6,bd,kpz,0.22389,True
exponent_exp69_70000,results_exp70_matched_codex_sweep_full_exp69_seed70000\summary.json,effective_exponent,matched effective exponent geometry,exp69,70000,all_six,EW/KPZ/BD/Eden/RD/KS,240,6,bd,ks,3.84616,False
exponent_exp69_70000,results_exp70_matched_codex_sweep_full_exp69_seed70000\summary.json,effective_exponent,matched effective exponent geometry,exp69,70000,all_six,EW/KPZ/BD/Eden/RD/KS,240,6,bd,rd,2.51945,False
exponent_exp69_70000,results_exp70_matched_codex_sweep_full_exp69_seed70000\summary.json,effective_exponent,matched effective exponent geometry,exp69,70000,all_six,EW/KPZ/BD/Eden/RD/KS,240,6,eden,ew,0.5341,False
exponent_exp69_70000,results_exp70_matched_codex_sweep_full_exp69_seed70000\summary.json,effective_exponent,matched effective exponent geometry,exp69,70000,all_six,EW/KPZ/BD/Eden/RD/KS,240,6,eden,kpz,0.638828,True
exponent_exp69_70000,results_exp70_matched_codex_sweep_full_exp69_seed70000\summary.json,effective_exponent,matched effective exponent geometry,exp69,70000,all_six,EW/KPZ/BD/Eden/RD/KS,240,6,eden,ks,3.58781,False
exponent_exp69_70000,results_exp70_matched_codex_sweep_full_exp69_seed70000\summary.json,effective_exponent,matched effective exponent geometry,exp69,70000,all_six,EW/KPZ/BD/Eden/RD/KS,240,6,eden,rd,2.11246,False
exponent_exp69_70000,results_exp70_matched_codex_sweep_full_exp69_seed70000\summary.json,effective_exponent,matched effective exponent geometry,exp69,70000,all_six,EW/KPZ/BD/Eden/RD/KS,240,6,ew,kpz,0.410364,False
exponent_exp69_70000,results_exp70_matched_codex_sweep_full_exp69_seed70000\summary.json,effective_exponent,matched effective exponent geometry,exp69,70000,all_six,EW/KPZ/BD/Eden/RD/KS,240,6,ew,ks,3.95461,False
exponent_exp69_70000,results_exp70_matched_codex_sweep_full_exp69_seed70000\summary.json,effective_exponent,matched effective exponent geometry,exp69,70000,all_six,EW/KPZ/BD/Eden/RD/KS,240,6,ew,rd,2.63071,False
exponent_exp69_70000,results_exp70_matched_codex_sweep_full_exp69_seed70000\summary.json,effective_exponent,matched effective exponent geometry,exp69,70000,all_six,EW/KPZ/BD/Eden/RD/KS,240,6,kpz,ks,3.99473,False
exponent_exp69_70000,results_exp70_matched_codex_sweep_full_exp69_seed70000\summary.json,effective_exponent,matched effective exponent geometry,exp69,70000,all_six,EW/KPZ/BD/Eden/RD/KS,240,6,kpz,rd,2.7071,False
exponent_exp69_70000,results_exp70_matched_codex_sweep_full_exp69_seed70000\summary.json,effective_exponent,matched effective exponent geometry,exp69,70000,all_six,EW/KPZ/BD/Eden/RD/KS,240,6,ks,rd,2.61178,False
exponent_exp69_70000,results_exp70_matched_codex_sweep_full_exp69_seed70000\summary.json,effective_exponent,matched effective exponent geometry,exp69,70000,no_ks,EW/KPZ/BD/Eden/RD,200,5,bd,eden,1.00607,True
exponent_exp69_70000,results_exp70_matched_codex_sweep_full_exp69_seed70000\summary.json,effective_exponent,matched effective exponent geometry,exp69,70000,no_ks,EW/KPZ/BD/Eden/RD,200,5,bd,ew,1.28304,False
exponent_exp69_70000,results_exp70_matched_codex_sweep_full_exp69_seed70000\summary.json,effective_exponent,matched effective exponent geometry,exp69,70000,no_ks,EW/KPZ/BD/Eden/RD,200,5,bd,kpz,0.478149,True
exponent_exp69_70000,results_exp70_matched_codex_sweep_full_exp69_seed70000\summary.json,effective_exponent,matched effective exponent geometry,exp69,70000,no_ks,EW/KPZ/BD/Eden/RD,200,5,bd,rd,3.19718,False
exponent_exp69_70000,results_exp70_matched_codex_sweep_full_exp69_seed70000\summary.json,effective_exponent,matched effective exponent geometry,exp69,70000,no_ks,EW/KPZ/BD/Eden/RD,200,5,eden,ew,0.685461,False
exponent_exp69_70000,results_exp70_matched_codex_sweep_full_exp69_seed70000\summary.json,effective_exponent,matched effective exponent geometry,exp69,70000,no_ks,EW/KPZ/BD/Eden/RD,200,5,eden,kpz,0.829576,True
exponent_exp69_70000,results_exp70_matched_codex_sweep_full_exp69_seed70000\summary.json,effective_exponent,matched effective exponent geometry,exp69,70000,no_ks,EW/KPZ/BD/Eden/RD,200,5,eden,rd,3.28041,False
exponent_exp69_70000,results_exp70_matched_codex_sweep_full_exp69_seed70000\summary.json,effective_exponent,matched effective exponent geometry,exp69,70000,no_ks,EW/KPZ/BD/Eden/RD,200,5,ew,kpz,0.86949,False
exponent_exp69_70000,results_exp70_matched_codex_sweep_full_exp69_seed70000\summary.json,effective_exponent,matched effective exponent geometry,exp69,70000,no_ks,EW/KPZ/BD/Eden/RD,200,5,ew,rd,3.93478,False
exponent_exp69_70000,results_exp70_matched_codex_sweep_full_exp69_seed70000\summary.json,effective_exponent,matched effective exponent geometry,exp69,70000,no_ks,EW/KPZ/BD/Eden/RD,200,5,kpz,rd,3.57811,False
exponent_exp69_70000,results_exp70_matched_codex_sweep_full_exp69_seed70000\summary.json,effective_exponent,matched effective exponent geometry,exp69,70000,no_rd,EW/KPZ/BD/Eden/KS,200,5,bd,eden,0.55629,True
exponent_exp69_70000,results_exp70_matched_codex_sweep_full_exp69_seed70000\summary.json,effective_exponent,matched effective exponent geometry,exp69,70000,no_rd,EW/KPZ/BD/Eden/KS,200,5,bd,ew,0.554162,False
exponent_exp69_70000,results_exp70_matched_codex_sweep_full_exp69_seed70000\summary.json,effective_exponent,matched effective exponent geometry,exp69,70000,no_rd,EW/KPZ/BD/Eden/KS,200,5,bd,kpz,0.238767,True
exponent_exp69_70000,results_exp70_matched_codex_sweep_full_exp69_seed70000\summary.json,effective_exponent,matched effective exponent geometry,exp69,70000,no_rd,EW/KPZ/BD/Eden/KS,200,5,bd,ks,3.84147,False
exponent_exp69_70000,results_exp70_matched_codex_sweep_full_exp69_seed70000\summary.json,effective_exponent,matched effective exponent geometry,exp69,70000,no_rd,EW/KPZ/BD/Eden/KS,200,5,eden,ew,0.56949,False
exponent_exp69_70000,results_exp70_matched_codex_sweep_full_exp69_seed70000\summary.json,effective_exponent,matched effective exponent geometry,exp69,70000,no_rd,EW/KPZ/BD/Eden/KS,200,5,eden,kpz,0.67739,True
exponent_exp69_70000,results_exp70_matched_codex_sweep_full_exp69_seed70000\summary.json,effective_exponent,matched effective exponent geometry,exp69,70000,no_rd,EW/KPZ/BD/Eden/KS,200,5,eden,ks,3.54167,False
exponent_exp69_70000,results_exp70_matched_codex_sweep_full_exp69_seed70000\summary.json,effective_exponent,matched effective exponent geometry,exp69,70000,no_rd,EW/KPZ/BD/Eden/KS,200,5,ew,kpz,0.435208,False
exponent_exp69_70000,results_exp70_matched_codex_sweep_full_exp69_seed70000\summary.json,effective_exponent,matched effective exponent geometry,exp69,70000,no_rd,EW/KPZ/BD/Eden/KS,200,5,ew,ks,3.95707,False
exponent_exp69_70000,results_exp70_matched_codex_sweep_full_exp69_seed70000\summary.json,effective_exponent,matched effective exponent geometry,exp69,70000,no_rd,EW/KPZ/BD/Eden/KS,200,5,kpz,ks,4.00628,False
exponent_exp69_70000,results_exp70_matched_codex_sweep_full_exp69_seed70000\summary.json,effective_exponent,matched effective exponent geometry,exp69,70000,no_rd_no_ks,EW/KPZ/BD/Eden,160,4,bd,eden,1.54007,True
exponent_exp69_70000,results_exp70_matched_codex_sweep_full_exp69_seed70000\summary.json,effective_exponent,matched effective exponent geometry,exp69,70000,no_rd_no_ks,EW/KPZ/BD/Eden,160,4,bd,ew,1.97013,False
exponent_exp69_70000,results_exp70_matched_codex_sweep_full_exp69_seed70000\summary.json,effective_exponent,matched effective exponent geometry,exp69,70000,no_rd_no_ks,EW/KPZ/BD/Eden,160,4,bd,kpz,0.730624,True
exponent_exp69_70000,results_exp70_matched_codex_sweep_full_exp69_seed70000\summary.json,effective_exponent,matched effective exponent geometry,exp69,70000,no_rd_no_ks,EW/KPZ/BD/Eden,160,4,eden,ew,1.01868,False
exponent_exp69_70000,results_exp70_matched_codex_sweep_full_exp69_seed70000\summary.json,effective_exponent,matched effective exponent geometry,exp69,70000,no_rd_no_ks,EW/KPZ/BD/Eden,160,4,eden,kpz,1.24549,True
exponent_exp69_70000,results_exp70_matched_codex_sweep_full_exp69_seed70000\summary.json,effective_exponent,matched effective exponent geometry,exp69,70000,no_rd_no_ks,EW/KPZ/BD/Eden,160,4,ew,kpz,1.33265,False
exponent_exp69_71000,results_exp70_matched_codex_sweep_full_exp69_seed71000\summary.json,effective_exponent,matched effective exponent geometry,exp69,71000,all_six,EW/KPZ/BD/Eden/RD/KS,240,6,bd,eden,0.833735,True
exponent_exp69_71000,results_exp70_matched_codex_sweep_full_exp69_seed71000\summary.json,effective_exponent,matched effective exponent geometry,exp69,71000,all_six,EW/KPZ/BD/Eden/RD/KS,240,6,bd,ew,1.70523,False
exponent_exp69_71000,results_exp70_matched_codex_sweep_full_exp69_seed71000\summary.json,effective_exponent,matched effective exponent geometry,exp69,71000,all_six,EW/KPZ/BD/Eden/RD/KS,240,6,bd,kpz,0.919919,True
exponent_exp69_71000,results_exp70_matched_codex_sweep_full_exp69_seed71000\summary.json,effective_exponent,matched effective exponent geometry,exp69,71000,all_six,EW/KPZ/BD/Eden/RD/KS,240,6,bd,ks,3.29479,False
exponent_exp69_71000,results_exp70_matched_codex_sweep_full_exp69_seed71000\summary.json,effective_exponent,matched effective exponent geometry,exp69,71000,all_six,EW/KPZ/BD/Eden/RD/KS,240,6,bd,rd,1.93767,False
exponent_exp69_71000,results_exp70_matched_codex_sweep_full_exp69_seed71000\summary.json,effective_exponent,matched effective exponent geometry,exp69,71000,all_six,EW/KPZ/BD/Eden/RD/KS,240,6,eden,ew,2.36874,False
exponent_exp69_71000,results_exp70_matched_codex_sweep_full_exp69_seed71000\summary.json,effective_exponent,matched effective exponent geometry,exp69,71000,all_six,EW/KPZ/BD/Eden/RD/KS,240,6,eden,kpz,1.62611,True
exponent_exp69_71000,results_exp70_matched_codex_sweep_full_exp69_seed71000\summary.json,effective_exponent,matched effective exponent geometry,exp69,71000,all_six,EW/KPZ/BD/Eden/RD/KS,240,6,eden,ks,2.96723,False
exponent_exp69_71000,results_exp70_matched_codex_sweep_full_exp69_seed71000\summary.json,effective_exponent,matched effective exponent geometry,exp69,71000,all_six,EW/KPZ/BD/Eden/RD/KS,240,6,eden,rd,1.16545,False
exponent_exp69_71000,results_exp70_matched_codex_sweep_full_exp69_seed71000\summary.json,effective_exponent,matched effective exponent geometry,exp69,71000,all_six,EW/KPZ/BD/Eden/RD/KS,240,6,ew,kpz,0.786088,False
exponent_exp69_71000,results_exp70_matched_codex_sweep_full_exp69_seed71000\summary.json,effective_exponent,matched effective exponent geometry,exp69,71000,all_six,EW/KPZ/BD/Eden/RD/KS,240,6,ew,ks,4.47877,False
exponent_exp69_71000,results_exp70_matched_codex_sweep_full_exp69_seed71000\summary.json,effective_exponent,matched effective exponent geometry,exp69,71000,all_six,EW/KPZ/BD/Eden/RD/KS,240,6,ew,rd,3.52888,False
exponent_exp69_71000,results_exp70_matched_codex_sweep_full_exp69_seed71000\summary.json,effective_exponent,matched effective exponent geometry,exp69,71000,all_six,EW/KPZ/BD/Eden/RD/KS,240,6,kpz,ks,3.90092,False
exponent_exp69_71000,results_exp70_matched_codex_sweep_full_exp69_seed71000\summary.json,effective_exponent,matched effective exponent geometry,exp69,71000,all_six,EW/KPZ/BD/Eden/RD/KS,240,6,kpz,rd,2.78563,False
exponent_exp69_71000,results_exp70_matched_codex_sweep_full_exp69_seed71000\summary.json,effective_exponent,matched effective exponent geometry,exp69,71000,all_six,EW/KPZ/BD/Eden/RD/KS,240,6,ks,rd,2.60043,False
exponent_exp69_71000,results_exp70_matched_codex_sweep_full_exp69_seed71000\summary.json,effective_exponent,matched effective exponent geometry,exp69,71000,no_ks,EW/KPZ/BD/Eden/RD,200,5,bd,eden,1.65124,True
exponent_exp69_71000,results_exp70_matched_codex_sweep_full_exp69_seed71000\summary.json,effective_exponent,matched effective exponent geometry,exp69,71000,no_ks,EW/KPZ/BD/Eden/RD,200,5,bd,ew,2.32909,False
exponent_exp69_71000,results_exp70_matched_codex_sweep_full_exp69_seed71000\summary.json,effective_exponent,matched effective exponent geometry,exp69,71000,no_ks,EW/KPZ/BD/Eden/RD,200,5,bd,kpz,1.48227,True
exponent_exp69_71000,results_exp70_matched_codex_sweep_full_exp69_seed71000\summary.json,effective_exponent,matched effective exponent geometry,exp69,71000,no_ks,EW/KPZ/BD/Eden/RD,200,5,bd,rd,2.26875,False
exponent_exp69_71000,results_exp70_matched_codex_sweep_full_exp69_seed71000\summary.json,effective_exponent,matched effective exponent geometry,exp69,71000,no_ks,EW/KPZ/BD/Eden/RD,200,5,eden,ew,2.49806,False
exponent_exp69_71000,results_exp70_matched_codex_sweep_full_exp69_seed71000\summary.json,effective_exponent,matched effective exponent geometry,exp69,71000,no_ks,EW/KPZ/BD/Eden/RD,200,5,eden,kpz,1.73929,True
exponent_exp69_71000,results_exp70_matched_codex_sweep_full_exp69_seed71000\summary.json,effective_exponent,matched effective exponent geometry,exp69,71000,no_ks,EW/KPZ/BD/Eden/RD,200,5,eden,rd,2.65805,False
exponent_exp69_71000,results_exp70_matched_codex_sweep_full_exp69_seed71000\summary.json,effective_exponent,matched effective exponent geometry,exp69,71000,no_ks,EW/KPZ/BD/Eden/RD,200,5,ew,kpz,0.901948,False
exponent_exp69_71000,results_exp70_matched_codex_sweep_full_exp69_seed71000\summary.json,effective_exponent,matched effective exponent geometry,exp69,71000,no_ks,EW/KPZ/BD/Eden/RD,200,5,ew,rd,4.45879,False
exponent_exp69_71000,results_exp70_matched_codex_sweep_full_exp69_seed71000\summary.json,effective_exponent,matched effective exponent geometry,exp69,71000,no_ks,EW/KPZ/BD/Eden/RD,200,5,kpz,rd,3.60887,False
exponent_exp69_71000,results_exp70_matched_codex_sweep_full_exp69_seed71000\summary.json,effective_exponent,matched effective exponent geometry,exp69,71000,no_rd,EW/KPZ/BD/Eden/KS,200,5,bd,eden,0.888197,True
exponent_exp69_71000,results_exp70_matched_codex_sweep_full_exp69_seed71000\summary.json,effective_exponent,matched effective exponent geometry,exp69,71000,no_rd,EW/KPZ/BD/Eden/KS,200,5,bd,ew,1.77464,False
exponent_exp69_71000,results_exp70_matched_codex_sweep_full_exp69_seed71000\summary.json,effective_exponent,matched effective exponent geometry,exp69,71000,no_rd,EW/KPZ/BD/Eden/KS,200,5,bd,kpz,0.957798,True
exponent_exp69_71000,results_exp70_matched_codex_sweep_full_exp69_seed71000\summary.json,effective_exponent,matched effective exponent geometry,exp69,71000,no_rd,EW/KPZ/BD/Eden/KS,200,5,bd,ks,3.21046,False
exponent_exp69_71000,results_exp70_matched_codex_sweep_full_exp69_seed71000\summary.json,effective_exponent,matched effective exponent geometry,exp69,71000,no_rd,EW/KPZ/BD/Eden/KS,200,5,eden,ew,2.48597,False
exponent_exp69_71000,results_exp70_matched_codex_sweep_full_exp69_seed71000\summary.json,effective_exponent,matched effective exponent geometry,exp69,71000,no_rd,EW/KPZ/BD/Eden/KS,200,5,eden,kpz,1.7144,True
exponent_exp69_71000,results_exp70_matched_codex_sweep_full_exp69_seed71000\summary.json,effective_exponent,matched effective exponent geometry,exp69,71000,no_rd,EW/KPZ/BD/Eden/KS,200,5,eden,ks,2.80877,False
exponent_exp69_71000,results_exp70_matched_codex_sweep_full_exp69_seed71000\summary.json,effective_exponent,matched effective exponent geometry,exp69,71000,no_rd,EW/KPZ/BD/Eden/KS,200,5,ew,kpz,0.817604,False
exponent_exp69_71000,results_exp70_matched_codex_sweep_full_exp69_seed71000\summary.json,effective_exponent,matched effective exponent geometry,exp69,71000,no_rd,EW/KPZ/BD/Eden/KS,200,5,ew,ks,4.50415,False
exponent_exp69_71000,results_exp70_matched_codex_sweep_full_exp69_seed71000\summary.json,effective_exponent,matched effective exponent geometry,exp69,71000,no_rd,EW/KPZ/BD/Eden/KS,200,5,kpz,ks,3.87588,False
exponent_exp69_71000,results_exp70_matched_codex_sweep_full_exp69_seed71000\summary.json,effective_exponent,matched effective exponent geometry,exp69,71000,no_rd_no_ks,EW/KPZ/BD/Eden,160,4,bd,eden,2.34311,True
exponent_exp69_71000,results_exp70_matched_codex_sweep_full_exp69_seed71000\summary.json,effective_exponent,matched effective exponent geometry,exp69,71000,no_rd_no_ks,EW/KPZ/BD/Eden,160,4,bd,ew,3.08282,False
exponent_exp69_71000,results_exp70_matched_codex_sweep_full_exp69_seed71000\summary.json,effective_exponent,matched effective exponent geometry,exp69,71000,no_rd_no_ks,EW/KPZ/BD/Eden,160,4,bd,kpz,2.02022,True
exponent_exp69_71000,results_exp70_matched_codex_sweep_full_exp69_seed71000\summary.json,effective_exponent,matched effective exponent geometry,exp69,71000,no_rd_no_ks,EW/KPZ/BD/Eden,160,4,eden,ew,3.14795,False
exponent_exp69_71000,results_exp70_matched_codex_sweep_full_exp69_seed71000\summary.json,effective_exponent,matched effective exponent geometry,exp69,71000,no_rd_no_ks,EW/KPZ/BD/Eden,160,4,eden,kpz,2.23317,True
exponent_exp69_71000,results_exp70_matched_codex_sweep_full_exp69_seed71000\summary.json,effective_exponent,matched effective exponent geometry,exp69,71000,no_rd_no_ks,EW/KPZ/BD/Eden,160,4,ew,kpz,1.1385,False
exponent_exp69_72000,results_exp70_matched_codex_sweep_full_exp69_seed72000\summary.json,effective_exponent,matched effective exponent geometry,exp69,72000,all_six,EW/KPZ/BD/Eden/RD/KS,240,6,bd,eden,1.10137,True
exponent_exp69_72000,results_exp70_matched_codex_sweep_full_exp69_seed72000\summary.json,effective_exponent,matched effective exponent geometry,exp69,72000,all_six,EW/KPZ/BD/Eden/RD/KS,240,6,bd,ew,1.70124,False
exponent_exp69_72000,results_exp70_matched_codex_sweep_full_exp69_seed72000\summary.json,effective_exponent,matched effective exponent geometry,exp69,72000,all_six,EW/KPZ/BD/Eden/RD/KS,240,6,bd,kpz,0.451649,True
exponent_exp69_72000,results_exp70_matched_codex_sweep_full_exp69_seed72000\summary.json,effective_exponent,matched effective exponent geometry,exp69,72000,all_six,EW/KPZ/BD/Eden/RD/KS,240,6,bd,ks,3.47414,False
exponent_exp69_72000,results_exp70_matched_codex_sweep_full_exp69_seed72000\summary.json,effective_exponent,matched effective exponent geometry,exp69,72000,all_six,EW/KPZ/BD/Eden/RD/KS,240,6,bd,rd,2.01441,False
exponent_exp69_72000,results_exp70_matched_codex_sweep_full_exp69_seed72000\summary.json,effective_exponent,matched effective exponent geometry,exp69,72000,all_six,EW/KPZ/BD/Eden/RD/KS,240,6,eden,ew,2.79055,False
exponent_exp69_72000,results_exp70_matched_codex_sweep_full_exp69_seed72000\summary.json,effective_exponent,matched effective exponent geometry,exp69,72000,all_six,EW/KPZ/BD/Eden/RD/KS,240,6,eden,kpz,0.653512,True
exponent_exp69_72000,results_exp70_matched_codex_sweep_full_exp69_seed72000\summary.json,effective_exponent,matched effective exponent geometry,exp69,72000,all_six,EW/KPZ/BD/Eden/RD/KS,240,6,eden,ks,2.89036,False
exponent_exp69_72000,results_exp70_matched_codex_sweep_full_exp69_seed72000\summary.json,effective_exponent,matched effective exponent geometry,exp69,72000,all_six,EW/KPZ/BD/Eden/RD/KS,240,6,eden,rd,0.914237,False
exponent_exp69_72000,results_exp70_matched_codex_sweep_full_exp69_seed72000\summary.json,effective_exponent,matched effective exponent geometry,exp69,72000,all_six,EW/KPZ/BD/Eden/RD/KS,240,6,ew,kpz,2.15121,False
exponent_exp69_72000,results_exp70_matched_codex_sweep_full_exp69_seed72000\summary.json,effective_exponent,matched effective exponent geometry,exp69,72000,all_six,EW/KPZ/BD/Eden/RD/KS,240,6,ew,ks,4.73922,False
exponent_exp69_72000,results_exp70_matched_codex_sweep_full_exp69_seed72000\summary.json,effective_exponent,matched effective exponent geometry,exp69,72000,all_six,EW/KPZ/BD/Eden/RD/KS,240,6,ew,rd,3.69896,False
exponent_exp69_72000,results_exp70_matched_codex_sweep_full_exp69_seed72000\summary.json,effective_exponent,matched effective exponent geometry,exp69,72000,all_six,EW/KPZ/BD/Eden/RD/KS,240,6,kpz,ks,3.21256,False
exponent_exp69_72000,results_exp70_matched_codex_sweep_full_exp69_seed72000\summary.json,effective_exponent,matched effective exponent geometry,exp69,72000,all_six,EW/KPZ/BD/Eden/RD/KS,240,6,kpz,rd,1.56627,False
exponent_exp69_72000,results_exp70_matched_codex_sweep_full_exp69_seed72000\summary.json,effective_exponent,matched effective exponent geometry,exp69,72000,all_six,EW/KPZ/BD/Eden/RD/KS,240,6,ks,rd,2.60426,False
exponent_exp69_72000,results_exp70_matched_codex_sweep_full_exp69_seed72000\summary.json,effective_exponent,matched effective exponent geometry,exp69,72000,no_ks,EW/KPZ/BD/Eden/RD,200,5,bd,eden,1.17995,True
exponent_exp69_72000,results_exp70_matched_codex_sweep_full_exp69_seed72000\summary.json,effective_exponent,matched effective exponent geometry,exp69,72000,no_ks,EW/KPZ/BD/Eden/RD,200,5,bd,ew,1.84359,False
exponent_exp69_72000,results_exp70_matched_codex_sweep_full_exp69_seed72000\summary.json,effective_exponent,matched effective exponent geometry,exp69,72000,no_ks,EW/KPZ/BD/Eden/RD,200,5,bd,kpz,0.471619,True
exponent_exp69_72000,results_exp70_matched_codex_sweep_full_exp69_seed72000\summary.json,effective_exponent,matched effective exponent geometry,exp69,72000,no_ks,EW/KPZ/BD/Eden/RD,200,5,bd,rd,2.55017,False
exponent_exp69_72000,results_exp70_matched_codex_sweep_full_exp69_seed72000\summary.json,effective_exponent,matched effective exponent geometry,exp69,72000,no_ks,EW/KPZ/BD/Eden/RD,200,5,eden,ew,3.00967,False
exponent_exp69_72000,results_exp70_matched_codex_sweep_full_exp69_seed72000\summary.json,effective_exponent,matched effective exponent geometry,exp69,72000,no_ks,EW/KPZ/BD/Eden/RD,200,5,eden,kpz,0.751646,True
exponent_exp69_72000,results_exp70_matched_codex_sweep_full_exp69_seed72000\summary.json,effective_exponent,matched effective exponent geometry,exp69,72000,no_ks,EW/KPZ/BD/Eden/RD,200,5,eden,rd,1.51474,False
exponent_exp69_72000,results_exp70_matched_codex_sweep_full_exp69_seed72000\summary.json,effective_exponent,matched effective exponent geometry,exp69,72000,no_ks,EW/KPZ/BD/Eden/RD,200,5,ew,kpz,2.28455,False
exponent_exp69_72000,results_exp70_matched_codex_sweep_full_exp69_seed72000\summary.json,effective_exponent,matched effective exponent geometry,exp69,72000,no_ks,EW/KPZ/BD/Eden/RD,200,5,ew,rd,4.32919,False
exponent_exp69_72000,results_exp70_matched_codex_sweep_full_exp69_seed72000\summary.json,effective_exponent,matched effective exponent geometry,exp69,72000,no_ks,EW/KPZ/BD/Eden/RD,200,5,kpz,rd,2.21218,False
exponent_exp69_72000,results_exp70_matched_codex_sweep_full_exp69_seed72000\summary.json,effective_exponent,matched effective exponent geometry,exp69,72000,no_rd,EW/KPZ/BD/Eden/KS,200,5,bd,eden,1.11143,True
exponent_exp69_72000,results_exp70_matched_codex_sweep_full_exp69_seed72000\summary.json,effective_exponent,matched effective exponent geometry,exp69,72000,no_rd,EW/KPZ/BD/Eden/KS,200,5,bd,ew,1.71177,False
exponent_exp69_72000,results_exp70_matched_codex_sweep_full_exp69_seed72000\summary.json,effective_exponent,matched effective exponent geometry,exp69,72000,no_rd,EW/KPZ/BD/Eden/KS,200,5,bd,kpz,0.455105,True
exponent_exp69_72000,results_exp70_matched_codex_sweep_full_exp69_seed72000\summary.json,effective_exponent,matched effective exponent geometry,exp69,72000,no_rd,EW/KPZ/BD/Eden/KS,200,5,bd,ks,3.33446,False
exponent_exp69_72000,results_exp70_matched_codex_sweep_full_exp69_seed72000\summary.json,effective_exponent,matched effective exponent geometry,exp69,72000,no_rd,EW/KPZ/BD/Eden/KS,200,5,eden,ew,2.81104,False
exponent_exp69_72000,results_exp70_matched_codex_sweep_full_exp69_seed72000\summary.json,effective_exponent,matched effective exponent geometry,exp69,72000,no_rd,EW/KPZ/BD/Eden/KS,200,5,eden,kpz,0.660108,True
exponent_exp69_72000,results_exp70_matched_codex_sweep_full_exp69_seed72000\summary.json,effective_exponent,matched effective exponent geometry,exp69,72000,no_rd,EW/KPZ/BD/Eden/KS,200,5,eden,ks,2.71086,False
exponent_exp69_72000,results_exp70_matched_codex_sweep_full_exp69_seed72000\summary.json,effective_exponent,matched effective exponent geometry,exp69,72000,no_rd,EW/KPZ/BD/Eden/KS,200,5,ew,kpz,2.16521,False
exponent_exp69_72000,results_exp70_matched_codex_sweep_full_exp69_seed72000\summary.json,effective_exponent,matched effective exponent geometry,exp69,72000,no_rd,EW/KPZ/BD/Eden/KS,200,5,ew,ks,4.65105,False
exponent_exp69_72000,results_exp70_matched_codex_sweep_full_exp69_seed72000\summary.json,effective_exponent,matched effective exponent geometry,exp69,72000,no_rd,EW/KPZ/BD/Eden/KS,200,5,kpz,ks,3.05556,False
exponent_exp69_72000,results_exp70_matched_codex_sweep_full_exp69_seed72000\summary.json,effective_exponent,matched effective exponent geometry,exp69,72000,no_rd_no_ks,EW/KPZ/BD/Eden,160,4,bd,eden,1.33659,True
exponent_exp69_72000,results_exp70_matched_codex_sweep_full_exp69_seed72000\summary.json,effective_exponent,matched effective exponent geometry,exp69,72000,no_rd_no_ks,EW/KPZ/BD/Eden,160,4,bd,ew,2.06359,False
exponent_exp69_72000,results_exp70_matched_codex_sweep_full_exp69_seed72000\summary.json,effective_exponent,matched effective exponent geometry,exp69,72000,no_rd_no_ks,EW/KPZ/BD/Eden,160,4,bd,kpz,0.530764,True
exponent_exp69_72000,results_exp70_matched_codex_sweep_full_exp69_seed72000\summary.json,effective_exponent,matched effective exponent geometry,exp69,72000,no_rd_no_ks,EW/KPZ/BD/Eden,160,4,eden,ew,3.38441,False
exponent_exp69_72000,results_exp70_matched_codex_sweep_full_exp69_seed72000\summary.json,effective_exponent,matched effective exponent geometry,exp69,72000,no_rd_no_ks,EW/KPZ/BD/Eden,160,4,eden,kpz,0.854424,True
exponent_exp69_72000,results_exp70_matched_codex_sweep_full_exp69_seed72000\summary.json,effective_exponent,matched effective exponent geometry,exp69,72000,no_rd_no_ks,EW/KPZ/BD/Eden,160,4,ew,kpz,2.55921,False
exponent_exp69_73000,results_exp70_matched_codex_sweep_full_exp69_seed73000\summary.json,effective_exponent,matched effective exponent geometry,exp69,73000,all_six,EW/KPZ/BD/Eden/RD/KS,240,6,bd,eden,1.17485,True
exponent_exp69_73000,results_exp70_matched_codex_sweep_full_exp69_seed73000\summary.json,effective_exponent,matched effective exponent geometry,exp69,73000,all_six,EW/KPZ/BD/Eden/RD/KS,240,6,bd,ew,1.3732,False
exponent_exp69_73000,results_exp70_matched_codex_sweep_full_exp69_seed73000\summary.json,effective_exponent,matched effective exponent geometry,exp69,73000,all_six,EW/KPZ/BD/Eden/RD/KS,240,6,bd,kpz,0.611953,True
exponent_exp69_73000,results_exp70_matched_codex_sweep_full_exp69_seed73000\summary.json,effective_exponent,matched effective exponent geometry,exp69,73000,all_six,EW/KPZ/BD/Eden/RD/KS,240,6,bd,ks,3.48361,False
exponent_exp69_73000,results_exp70_matched_codex_sweep_full_exp69_seed73000\summary.json,effective_exponent,matched effective exponent geometry,exp69,73000,all_six,EW/KPZ/BD/Eden/RD/KS,240,6,bd,rd,2.04176,False
exponent_exp69_73000,results_exp70_matched_codex_sweep_full_exp69_seed73000\summary.json,effective_exponent,matched effective exponent geometry,exp69,73000,all_six,EW/KPZ/BD/Eden/RD/KS,240,6,eden,ew,2.45214,False
exponent_exp69_73000,results_exp70_matched_codex_sweep_full_exp69_seed73000\summary.json,effective_exponent,matched effective exponent geometry,exp69,73000,all_six,EW/KPZ/BD/Eden/RD/KS,240,6,eden,kpz,1.74595,True
exponent_exp69_73000,results_exp70_matched_codex_sweep_full_exp69_seed73000\summary.json,effective_exponent,matched effective exponent geometry,exp69,73000,all_six,EW/KPZ/BD/Eden/RD/KS,240,6,eden,ks,2.88435,False
exponent_exp69_73000,results_exp70_matched_codex_sweep_full_exp69_seed73000\summary.json,effective_exponent,matched effective exponent geometry,exp69,73000,all_six,EW/KPZ/BD/Eden/RD/KS,240,6,eden,rd,0.885205,False
exponent_exp69_73000,results_exp70_matched_codex_sweep_full_exp69_seed73000\summary.json,effective_exponent,matched effective exponent geometry,exp69,73000,all_six,EW/KPZ/BD/Eden/RD/KS,240,6,ew,kpz,0.7669,False
exponent_exp69_73000,results_exp70_matched_codex_sweep_full_exp69_seed73000\summary.json,effective_exponent,matched effective exponent geometry,exp69,73000,all_six,EW/KPZ/BD/Eden/RD/KS,240,6,ew,ks,4.45381,False
exponent_exp69_73000,results_exp70_matched_codex_sweep_full_exp69_seed73000\summary.json,effective_exponent,matched effective exponent geometry,exp69,73000,all_six,EW/KPZ/BD/Eden/RD/KS,240,6,ew,rd,3.33599,False
exponent_exp69_73000,results_exp70_matched_codex_sweep_full_exp69_seed73000\summary.json,effective_exponent,matched effective exponent geometry,exp69,73000,all_six,EW/KPZ/BD/Eden/RD/KS,240,6,kpz,ks,3.90223,False
exponent_exp69_73000,results_exp70_matched_codex_sweep_full_exp69_seed73000\summary.json,effective_exponent,matched effective exponent geometry,exp69,73000,all_six,EW/KPZ/BD/Eden/RD/KS,240,6,kpz,rd,2.62685,False
exponent_exp69_73000,results_exp70_matched_codex_sweep_full_exp69_seed73000\summary.json,effective_exponent,matched effective exponent geometry,exp69,73000,all_six,EW/KPZ/BD/Eden/RD/KS,240,6,ks,rd,2.62105,False
exponent_exp69_73000,results_exp70_matched_codex_sweep_full_exp69_seed73000\summary.json,effective_exponent,matched effective exponent geometry,exp69,73000,no_ks,EW/KPZ/BD/Eden/RD,200,5,bd,eden,1.26323,True
exponent_exp69_73000,results_exp70_matched_codex_sweep_full_exp69_seed73000\summary.json,effective_exponent,matched effective exponent geometry,exp69,73000,no_ks,EW/KPZ/BD/Eden/RD,200,5,bd,ew,1.65354,False
exponent_exp69_73000,results_exp70_matched_codex_sweep_full_exp69_seed73000\summary.json,effective_exponent,matched effective exponent geometry,exp69,73000,no_ks,EW/KPZ/BD/Eden/RD,200,5,bd,kpz,0.764268,True
exponent_exp69_73000,results_exp70_matched_codex_sweep_full_exp69_seed73000\summary.json,effective_exponent,matched effective exponent geometry,exp69,73000,no_ks,EW/KPZ/BD/Eden/RD,200,5,bd,rd,2.34411,False
exponent_exp69_73000,results_exp70_matched_codex_sweep_full_exp69_seed73000\summary.json,effective_exponent,matched effective exponent geometry,exp69,73000,no_ks,EW/KPZ/BD/Eden/RD,200,5,eden,ew,2.70718,False
exponent_exp69_73000,results_exp70_matched_codex_sweep_full_exp69_seed73000\summary.json,effective_exponent,matched effective exponent geometry,exp69,73000,no_ks,EW/KPZ/BD/Eden/RD,200,5,eden,kpz,1.89515,True
exponent_exp69_73000,results_exp70_matched_codex_sweep_full_exp69_seed73000\summary.json,effective_exponent,matched effective exponent geometry,exp69,73000,no_ks,EW/KPZ/BD/Eden/RD,200,5,eden,rd,1.32121,False
exponent_exp69_73000,results_exp70_matched_codex_sweep_full_exp69_seed73000\summary.json,effective_exponent,matched effective exponent geometry,exp69,73000,no_ks,EW/KPZ/BD/Eden/RD,200,5,ew,kpz,0.8973,False
exponent_exp69_73000,results_exp70_matched_codex_sweep_full_exp69_seed73000\summary.json,effective_exponent,matched effective exponent geometry,exp69,73000,no_ks,EW/KPZ/BD/Eden/RD,200,5,ew,rd,3.91273,False
exponent_exp69_73000,results_exp70_matched_codex_sweep_full_exp69_seed73000\summary.json,effective_exponent,matched effective exponent geometry,exp69,73000,no_ks,EW/KPZ/BD/Eden/RD,200,5,kpz,rd,3.07226,False
exponent_exp69_73000,results_exp70_matched_codex_sweep_full_exp69_seed73000\summary.json,effective_exponent,matched effective exponent geometry,exp69,73000,no_rd,EW/KPZ/BD/Eden/KS,200,5,bd,eden,1.21014,True
exponent_exp69_73000,results_exp70_matched_codex_sweep_full_exp69_seed73000\summary.json,effective_exponent,matched effective exponent geometry,exp69,73000,no_rd,EW/KPZ/BD/Eden/KS,200,5,bd,ew,1.4087,False
exponent_exp69_73000,results_exp70_matched_codex_sweep_full_exp69_seed73000\summary.json,effective_exponent,matched effective exponent geometry,exp69,73000,no_rd,EW/KPZ/BD/Eden/KS,200,5,bd,kpz,0.628154,True
exponent_exp69_73000,results_exp70_matched_codex_sweep_full_exp69_seed73000\summary.json,effective_exponent,matched effective exponent geometry,exp69,73000,no_rd,EW/KPZ/BD/Eden/KS,200,5,bd,ks,3.3796,False
exponent_exp69_73000,results_exp70_matched_codex_sweep_full_exp69_seed73000\summary.json,effective_exponent,matched effective exponent geometry,exp69,73000,no_rd,EW/KPZ/BD/Eden/KS,200,5,eden,ew,2.52021,False
exponent_exp69_73000,results_exp70_matched_codex_sweep_full_exp69_seed73000\summary.json,effective_exponent,matched effective exponent geometry,exp69,73000,no_rd,EW/KPZ/BD/Eden/KS,200,5,eden,kpz,1.79641,True
exponent_exp69_73000,results_exp70_matched_codex_sweep_full_exp69_seed73000\summary.json,effective_exponent,matched effective exponent geometry,exp69,73000,no_rd,EW/KPZ/BD/Eden/KS,200,5,eden,ks,2.71496,False
exponent_exp69_73000,results_exp70_matched_codex_sweep_full_exp69_seed73000\summary.json,effective_exponent,matched effective exponent geometry,exp69,73000,no_rd,EW/KPZ/BD/Eden/KS,200,5,ew,kpz,0.78639,False
exponent_exp69_73000,results_exp70_matched_codex_sweep_full_exp69_seed73000\summary.json,effective_exponent,matched effective exponent geometry,exp69,73000,no_rd,EW/KPZ/BD/Eden/KS,200,5,ew,ks,4.41457,False
exponent_exp69_73000,results_exp70_matched_codex_sweep_full_exp69_seed73000\summary.json,effective_exponent,matched effective exponent geometry,exp69,73000,no_rd,EW/KPZ/BD/Eden/KS,200,5,kpz,ks,3.82861,False
exponent_exp69_73000,results_exp70_matched_codex_sweep_full_exp69_seed73000\summary.json,effective_exponent,matched effective exponent geometry,exp69,73000,no_rd_no_ks,EW/KPZ/BD/Eden,160,4,bd,eden,1.54432,True
exponent_exp69_73000,results_exp70_matched_codex_sweep_full_exp69_seed73000\summary.json,effective_exponent,matched effective exponent geometry,exp69,73000,no_rd_no_ks,EW/KPZ/BD/Eden,160,4,bd,ew,1.90715,False
exponent_exp69_73000,results_exp70_matched_codex_sweep_full_exp69_seed73000\summary.json,effective_exponent,matched effective exponent geometry,exp69,73000,no_rd_no_ks,EW/KPZ/BD/Eden,160,4,bd,kpz,0.877817,True
exponent_exp69_73000,results_exp70_matched_codex_sweep_full_exp69_seed73000\summary.json,effective_exponent,matched effective exponent geometry,exp69,73000,no_rd_no_ks,EW/KPZ/BD/Eden,160,4,eden,ew,3.23162,False
exponent_exp69_73000,results_exp70_matched_codex_sweep_full_exp69_seed73000\summary.json,effective_exponent,matched effective exponent geometry,exp69,73000,no_rd_no_ks,EW/KPZ/BD/Eden,160,4,eden,kpz,2.29163,True
exponent_exp69_73000,results_exp70_matched_codex_sweep_full_exp69_seed73000\summary.json,effective_exponent,matched effective exponent geometry,exp69,73000,no_rd_no_ks,EW/KPZ/BD/Eden,160,4,ew,kpz,1.03872,False
exp62_spatial,results_exp62/features.npz,feature,6D spatial morphology,stored exp62 feature matrix,,all_six,EW/KPZ/BD/Eden/RD/KS,480,6,bd,eden,2.21048,True
exp62_spatial,results_exp62/features.npz,feature,6D spatial morphology,stored exp62 feature matrix,,all_six,EW/KPZ/BD/Eden/RD/KS,480,6,bd,ew,2.40227,False
exp62_spatial,results_exp62/features.npz,feature,6D spatial morphology,stored exp62 feature matrix,,all_six,EW/KPZ/BD/Eden/RD/KS,480,6,bd,kpz,2.39649,True
exp62_spatial,results_exp62/features.npz,feature,6D spatial morphology,stored exp62 feature matrix,,all_six,EW/KPZ/BD/Eden/RD/KS,480,6,bd,ks,3.3724,False
exp62_spatial,results_exp62/features.npz,feature,6D spatial morphology,stored exp62 feature matrix,,all_six,EW/KPZ/BD/Eden/RD/KS,480,6,bd,rd,4.80538,False
exp62_spatial,results_exp62/features.npz,feature,6D spatial morphology,stored exp62 feature matrix,,all_six,EW/KPZ/BD/Eden/RD/KS,480,6,eden,ew,0.194459,False
exp62_spatial,results_exp62/features.npz,feature,6D spatial morphology,stored exp62 feature matrix,,all_six,EW/KPZ/BD/Eden/RD/KS,480,6,eden,kpz,0.200171,True
exp62_spatial,results_exp62/features.npz,feature,6D spatial morphology,stored exp62 feature matrix,,all_six,EW/KPZ/BD/Eden/RD/KS,480,6,eden,ks,1.19634,False
exp62_spatial,results_exp62/features.npz,feature,6D spatial morphology,stored exp62 feature matrix,,all_six,EW/KPZ/BD/Eden/RD/KS,480,6,eden,rd,4.64204,False
exp62_spatial,results_exp62/features.npz,feature,6D spatial morphology,stored exp62 feature matrix,,all_six,EW/KPZ/BD/Eden/RD/KS,480,6,ew,kpz,0.0970639,False
exp62_spatial,results_exp62/features.npz,feature,6D spatial morphology,stored exp62 feature matrix,,all_six,EW/KPZ/BD/Eden/RD/KS,480,6,ew,ks,1.01291,False
exp62_spatial,results_exp62/features.npz,feature,6D spatial morphology,stored exp62 feature matrix,,all_six,EW/KPZ/BD/Eden/RD/KS,480,6,ew,rd,4.67808,False
exp62_spatial,results_exp62/features.npz,feature,6D spatial morphology,stored exp62 feature matrix,,all_six,EW/KPZ/BD/Eden/RD/KS,480,6,kpz,ks,1.02453,False
exp62_spatial,results_exp62/features.npz,feature,6D spatial morphology,stored exp62 feature matrix,,all_six,EW/KPZ/BD/Eden/RD/KS,480,6,kpz,rd,4.67593,False
exp62_spatial,results_exp62/features.npz,feature,6D spatial morphology,stored exp62 feature matrix,,all_six,EW/KPZ/BD/Eden/RD/KS,480,6,ks,rd,4.77005,False
exp62_spatial,results_exp62/features.npz,feature,6D spatial morphology,stored exp62 feature matrix,,no_ks,EW/KPZ/BD/Eden/RD,400,5,bd,eden,2.40141,True
exp62_spatial,results_exp62/features.npz,feature,6D spatial morphology,stored exp62 feature matrix,,no_ks,EW/KPZ/BD/Eden/RD,400,5,bd,ew,2.61074,False
exp62_spatial,results_exp62/features.npz,feature,6D spatial morphology,stored exp62 feature matrix,,no_ks,EW/KPZ/BD/Eden/RD,400,5,bd,kpz,2.60215,True
exp62_spatial,results_exp62/features.npz,feature,6D spatial morphology,stored exp62 feature matrix,,no_ks,EW/KPZ/BD/Eden/RD,400,5,bd,rd,4.68722,False
exp62_spatial,results_exp62/features.npz,feature,6D spatial morphology,stored exp62 feature matrix,,no_ks,EW/KPZ/BD/Eden/RD,400,5,eden,ew,0.211379,False
exp62_spatial,results_exp62/features.npz,feature,6D spatial morphology,stored exp62 feature matrix,,no_ks,EW/KPZ/BD/Eden/RD,400,5,eden,kpz,0.211816,True
exp62_spatial,results_exp62/features.npz,feature,6D spatial morphology,stored exp62 feature matrix,,no_ks,EW/KPZ/BD/Eden/RD,400,5,eden,rd,4.34737,False
exp62_spatial,results_exp62/features.npz,feature,6D spatial morphology,stored exp62 feature matrix,,no_ks,EW/KPZ/BD/Eden/RD,400,5,ew,kpz,0.0889446,False
exp62_spatial,results_exp62/features.npz,feature,6D spatial morphology,stored exp62 feature matrix,,no_ks,EW/KPZ/BD/Eden/RD,400,5,ew,rd,4.38007,False
exp62_spatial,results_exp62/features.npz,feature,6D spatial morphology,stored exp62 feature matrix,,no_ks,EW/KPZ/BD/Eden/RD,400,5,kpz,rd,4.37824,False
exp62_spatial,results_exp62/features.npz,feature,6D spatial morphology,stored exp62 feature matrix,,no_rd,EW/KPZ/BD/Eden/KS,400,5,bd,eden,5.10784,True
exp62_spatial,results_exp62/features.npz,feature,6D spatial morphology,stored exp62 feature matrix,,no_rd,EW/KPZ/BD/Eden/KS,400,5,bd,ew,5.37913,False
exp62_spatial,results_exp62/features.npz,feature,6D spatial morphology,stored exp62 feature matrix,,no_rd,EW/KPZ/BD/Eden/KS,400,5,bd,kpz,5.39485,True
exp62_spatial,results_exp62/features.npz,feature,6D spatial morphology,stored exp62 feature matrix,,no_rd,EW/KPZ/BD/Eden/KS,400,5,bd,ks,5.85752,False
exp62_spatial,results_exp62/features.npz,feature,6D spatial morphology,stored exp62 feature matrix,,no_rd,EW/KPZ/BD/Eden/KS,400,5,eden,ew,0.316592,False
exp62_spatial,results_exp62/features.npz,feature,6D spatial morphology,stored exp62 feature matrix,,no_rd,EW/KPZ/BD/Eden/KS,400,5,eden,kpz,0.349968,True
exp62_spatial,results_exp62/features.npz,feature,6D spatial morphology,stored exp62 feature matrix,,no_rd,EW/KPZ/BD/Eden/KS,400,5,eden,ks,1.1507,False
exp62_spatial,results_exp62/features.npz,feature,6D spatial morphology,stored exp62 feature matrix,,no_rd,EW/KPZ/BD/Eden/KS,400,5,ew,kpz,0.155792,False
exp62_spatial,results_exp62/features.npz,feature,6D spatial morphology,stored exp62 feature matrix,,no_rd,EW/KPZ/BD/Eden/KS,400,5,ew,ks,0.953878,False
exp62_spatial,results_exp62/features.npz,feature,6D spatial morphology,stored exp62 feature matrix,,no_rd,EW/KPZ/BD/Eden/KS,400,5,kpz,ks,0.959549,False
exp62_spatial,results_exp62/features.npz,feature,6D spatial morphology,stored exp62 feature matrix,,no_rd_no_ks,EW/KPZ/BD/Eden,320,4,bd,eden,4.89736,True
exp62_spatial,results_exp62/features.npz,feature,6D spatial morphology,stored exp62 feature matrix,,no_rd_no_ks,EW/KPZ/BD/Eden,320,4,bd,ew,5.1673,False
exp62_spatial,results_exp62/features.npz,feature,6D spatial morphology,stored exp62 feature matrix,,no_rd_no_ks,EW/KPZ/BD/Eden,320,4,bd,kpz,5.17947,True
exp62_spatial,results_exp62/features.npz,feature,6D spatial morphology,stored exp62 feature matrix,,no_rd_no_ks,EW/KPZ/BD/Eden,320,4,eden,ew,0.311699,False
exp62_spatial,results_exp62/features.npz,feature,6D spatial morphology,stored exp62 feature matrix,,no_rd_no_ks,EW/KPZ/BD/Eden,320,4,eden,kpz,0.33762,True
exp62_spatial,results_exp62/features.npz,feature,6D spatial morphology,stored exp62 feature matrix,,no_rd_no_ks,EW/KPZ/BD/Eden,320,4,ew,kpz,0.139863,False
